{
  "simulation_summary": {
    "duration_years": 10,
    "initial_capital": 15000.0,
    "final_capital": 234642.88997592914,
    "total_deposited": 195000.0,
    "total_withdrawn": 4404.765552881015,
    "final_net_worth": 239047.65552881017,
    "total_pnl": 44047.655528809955,
    "roi_pct": 22.588541296825724,
    "total_trades": 1795,
    "wins": 1394,
    "losses": 401,
    "overall_win_rate": 77.66016713091922
  },
  "charter_compliance": {
    "pin": 841921,
    "min_notional": 15000,
    "min_rr": 3.2,
    "all_compliant": true
  },
  "monthly_breakdown": [
    {
      "month": 1,
      "starting_capital": 15000.0,
      "ending_capital": 16913.853918562738,
      "pnl": 459.8376872919289,
      "trades": 18,
      "wins": 13,
      "losses": 5,
      "win_rate": 72.22222222222221,
      "total_deposits": 1500.0,
      "total_withdrawn": 45.98376872919289
    },
    {
      "month": 2,
      "starting_capital": 16913.853918562738,
      "ending_capital": 18897.51450287842,
      "pnl": 537.4006492396475,
      "trades": 11,
      "wins": 11,
      "losses": 0,
      "win_rate": 100.0,
      "total_deposits": 1500.0,
      "total_withdrawn": 53.74006492396475
    },
    {
      "month": 3,
      "starting_capital": 18897.51450287842,
      "ending_capital": 20769.24067482484,
      "pnl": 413.0290799404647,
      "trades": 14,
      "wins": 9,
      "losses": 5,
      "win_rate": 64.28571428571429,
      "total_deposits": 1500.0,
      "total_withdrawn": 41.30290799404648
    },
    {
      "month": 4,
      "starting_capital": 20769.24067482484,
      "ending_capital": 22633.996428937713,
      "pnl": 405.28417123652616,
      "trades": 16,
      "wins": 12,
      "losses": 4,
      "win_rate": 75.0,
      "total_deposits": 1500.0,
      "total_withdrawn": 40.528417123652616
    },
    {
      "month": 5,
      "starting_capital": 22633.996428937713,
      "ending_capital": 24690.054734957615,
      "pnl": 617.8425622443356,
      "trades": 17,
      "wins": 13,
      "losses": 4,
      "win_rate": 76.47058823529412,
      "total_deposits": 1500.0,
      "total_withdrawn": 61.78425622443356
    },
    {
      "month": 6,
      "starting_capital": 24690.054734957615,
      "ending_capital": 26662.5885864613,
      "pnl": 525.0376127818745,
      "trades": 19,
      "wins": 15,
      "losses": 4,
      "win_rate": 78.94736842105263,
      "total_deposits": 1500.0,
      "total_withdrawn": 52.503761278187454
    },
    {
      "month": 7,
      "starting_capital": 26662.5885864613,
      "ending_capital": 28532.656795695224,
      "pnl": 411.1868991488045,
      "trades": 18,
      "wins": 14,
      "losses": 4,
      "win_rate": 77.77777777777779,
      "total_deposits": 1500.0,
      "total_withdrawn": 41.118689914880456
    },
    {
      "month": 8,
      "starting_capital": 28532.656795695224,
      "ending_capital": 30323.109894449466,
      "pnl": 322.7256652824908,
      "trades": 17,
      "wins": 11,
      "losses": 6,
      "win_rate": 64.70588235294117,
      "total_deposits": 1500.0,
      "total_withdrawn": 32.27256652824908
    },
    {
      "month": 9,
      "starting_capital": 30323.109894449466,
      "ending_capital": 32140.072329066195,
      "pnl": 352.1804829074754,
      "trades": 15,
      "wins": 10,
      "losses": 5,
      "win_rate": 66.66666666666666,
      "total_deposits": 1500.0,
      "total_withdrawn": 35.21804829074754
    },
    {
      "month": 10,
      "starting_capital": 32140.072329066195,
      "ending_capital": 34033.97234289658,
      "pnl": 437.66668203375957,
      "trades": 13,
      "wins": 11,
      "losses": 2,
      "win_rate": 84.61538461538461,
      "total_deposits": 1500.0,
      "total_withdrawn": 43.76666820337596
    },
    {
      "month": 11,
      "starting_capital": 34033.97234289658,
      "ending_capital": 35957.31310600342,
      "pnl": 470.3786256742678,
      "trades": 12,
      "wins": 10,
      "losses": 2,
      "win_rate": 83.33333333333334,
      "total_deposits": 1500.0,
      "total_withdrawn": 47.037862567426785
    },
    {
      "month": 12,
      "starting_capital": 35957.31310600342,
      "ending_capital": 38196.16910555155,
      "pnl": 820.9511106090285,
      "trades": 15,
      "wins": 13,
      "losses": 2,
      "win_rate": 86.66666666666667,
      "total_deposits": 1500.0,
      "total_withdrawn": 82.09511106090287
    },
    {
      "month": 13,
      "starting_capital": 38196.16910555155,
      "ending_capital": 40182.87923330778,
      "pnl": 540.7890308402566,
      "trades": 19,
      "wins": 17,
      "losses": 2,
      "win_rate": 89.47368421052632,
      "total_deposits": 1500.0,
      "total_withdrawn": 54.07890308402566
    },
    {
      "month": 14,
      "starting_capital": 40182.87923330778,
      "ending_capital": 41948.86641899439,
      "pnl": 295.54131742956815,
      "trades": 14,
      "wins": 11,
      "losses": 3,
      "win_rate": 78.57142857142857,
      "total_deposits": 1500.0,
      "total_withdrawn": 29.554131742956816
    },
    {
      "month": 15,
      "starting_capital": 41948.86641899439,
      "ending_capital": 43832.29683047552,
      "pnl": 426.03379053458775,
      "trades": 19,
      "wins": 15,
      "losses": 4,
      "win_rate": 78.94736842105263,
      "total_deposits": 1500.0,
      "total_withdrawn": 42.60337905345878
    },
    {
      "month": 16,
      "starting_capital": 43832.29683047552,
      "ending_capital": 45596.51982017866,
      "pnl": 293.5810996701621,
      "trades": 18,
      "wins": 10,
      "losses": 8,
      "win_rate": 55.55555555555556,
      "total_deposits": 1500.0,
      "total_withdrawn": 29.35810996701621
    },
    {
      "month": 17,
      "starting_capital": 45596.51982017866,
      "ending_capital": 47517.903413297085,
      "pnl": 468.2039923538032,
      "trades": 16,
      "wins": 14,
      "losses": 2,
      "win_rate": 87.5,
      "total_deposits": 1500.0,
      "total_withdrawn": 46.82039923538032
    },
    {
      "month": 18,
      "starting_capital": 47517.903413297085,
      "ending_capital": 49497.734734728496,
      "pnl": 533.1459127015696,
      "trades": 19,
      "wins": 14,
      "losses": 5,
      "win_rate": 73.68421052631578,
      "total_deposits": 1500.0,
      "total_withdrawn": 53.31459127015697
    },
    {
      "month": 19,
      "starting_capital": 49497.734734728496,
      "ending_capital": 51176.267154397116,
      "pnl": 198.36935518735845,
      "trades": 13,
      "wins": 9,
      "losses": 4,
      "win_rate": 69.23076923076923,
      "total_deposits": 1500.0,
      "total_withdrawn": 19.836935518735846
    },
    {
      "month": 20,
      "starting_capital": 51176.267154397116,
      "ending_capital": 53044.24466285786,
      "pnl": 408.8638982897173,
      "trades": 20,
      "wins": 15,
      "losses": 5,
      "win_rate": 75.0,
      "total_deposits": 1500.0,
      "total_withdrawn": 40.88638982897174
    },
    {
      "month": 21,
      "starting_capital": 53044.24466285786,
      "ending_capital": 54790.37782346959,
      "pnl": 273.48128956859,
      "trades": 11,
      "wins": 10,
      "losses": 1,
      "win_rate": 90.9090909090909,
      "total_deposits": 1500.0,
      "total_withdrawn": 27.348128956859
    },
    {
      "month": 22,
      "starting_capital": 54790.37782346959,
      "ending_capital": 56634.032012057374,
      "pnl": 381.8379873197555,
      "trades": 14,
      "wins": 11,
      "losses": 3,
      "win_rate": 78.57142857142857,
      "total_deposits": 1500.0,
      "total_withdrawn": 38.18379873197555
    },
    {
      "month": 23,
      "starting_capital": 56634.032012057374,
      "ending_capital": 58490.549768028504,
      "pnl": 396.13083996792557,
      "trades": 13,
      "wins": 13,
      "losses": 0,
      "win_rate": 100.0,
      "total_deposits": 1500.0,
      "total_withdrawn": 39.61308399679256
    },
    {
      "month": 24,
      "starting_capital": 58490.549768028504,
      "ending_capital": 60394.06816414651,
      "pnl": 448.353773464456,
      "trades": 19,
      "wins": 14,
      "losses": 5,
      "win_rate": 73.68421052631578,
      "total_deposits": 1500.0,
      "total_withdrawn": 44.835377346445604
    },
    {
      "month": 25,
      "starting_capital": 60394.06816414651,
      "ending_capital": 62183.78903038022,
      "pnl": 321.9120735930046,
      "trades": 12,
      "wins": 11,
      "losses": 1,
      "win_rate": 91.66666666666666,
      "total_deposits": 1500.0,
      "total_withdrawn": 32.19120735930046
    },
    {
      "month": 26,
      "starting_capital": 62183.78903038022,
      "ending_capital": 63906.299862856904,
      "pnl": 247.2342583074278,
      "trades": 17,
      "wins": 11,
      "losses": 6,
      "win_rate": 64.70588235294117,
      "total_deposits": 1500.0,
      "total_withdrawn": 24.723425830742784
    },
    {
      "month": 27,
      "starting_capital": 63906.299862856904,
      "ending_capital": 65649.42195888155,
      "pnl": 270.13566224959504,
      "trades": 14,
      "wins": 10,
      "losses": 4,
      "win_rate": 71.42857142857143,
      "total_deposits": 1500.0,
      "total_withdrawn": 27.013566224959504
    },
    {
      "month": 28,
      "starting_capital": 65649.42195888155,
      "ending_capital": 67453.92018636543,
      "pnl": 338.33136387098057,
      "trades": 15,
      "wins": 13,
      "losses": 2,
      "win_rate": 86.66666666666667,
      "total_deposits": 1500.0,
      "total_withdrawn": 33.83313638709806
    },
    {
      "month": 29,
      "starting_capital": 67453.92018636543,
      "ending_capital": 69117.11360450089,
      "pnl": 181.32602015051816,
      "trades": 15,
      "wins": 8,
      "losses": 7,
      "win_rate": 53.333333333333336,
      "total_deposits": 1500.0,
      "total_withdrawn": 18.132602015051816
    },
    {
      "month": 30,
      "starting_capital": 69117.11360450089,
      "ending_capital": 70882.40030968512,
      "pnl": 294.76300576025096,
      "trades": 19,
      "wins": 13,
      "losses": 6,
      "win_rate": 68.42105263157895,
      "total_deposits": 1500.0,
      "total_withdrawn": 29.476300576025096
    },
    {
      "month": 31,
      "starting_capital": 70882.40030968512,
      "ending_capital": 72663.77008283536,
      "pnl": 312.6330812780361,
      "trades": 12,
      "wins": 9,
      "losses": 3,
      "win_rate": 75.0,
      "total_deposits": 1500.0,
      "total_withdrawn": 31.26330812780361
    },
    {
      "month": 32,
      "starting_capital": 72663.77008283536,
      "ending_capital": 74438.08988940465,
      "pnl": 304.79978507700434,
      "trades": 12,
      "wins": 10,
      "losses": 2,
      "win_rate": 83.33333333333334,
      "total_deposits": 1500.0,
      "total_withdrawn": 30.479978507700437
    },
    {
      "month": 33,
      "starting_capital": 74438.08988940465,
      "ending_capital": 76123.4067466364,
      "pnl": 205.90761914639734,
      "trades": 12,
      "wins": 8,
      "losses": 4,
      "win_rate": 66.66666666666666,
      "total_deposits": 1500.0,
      "total_withdrawn": 20.590761914639735
    },
    {
      "month": 34,
      "starting_capital": 76123.4067466364,
      "ending_capital": 77780.40015489058,
      "pnl": 174.43712028241134,
      "trades": 10,
      "wins": 7,
      "losses": 3,
      "win_rate": 70.0,
      "total_deposits": 1500.0,
      "total_withdrawn": 17.443712028241134
    },
    {
      "month": 35,
      "starting_capital": 77780.40015489058,
      "ending_capital": 79525.29060711079,
      "pnl": 272.10050246689934,
      "trades": 16,
      "wins": 13,
      "losses": 3,
      "win_rate": 81.25,
      "total_deposits": 1500.0,
      "total_withdrawn": 27.210050246689935
    },
    {
      "month": 36,
      "starting_capital": 79525.29060711079,
      "ending_capital": 81456.9524163675,
      "pnl": 479.6242325074563,
      "trades": 20,
      "wins": 15,
      "losses": 5,
      "win_rate": 75.0,
      "total_deposits": 1500.0,
      "total_withdrawn": 47.96242325074564
    },
    {
      "month": 37,
      "starting_capital": 81456.9524163675,
      "ending_capital": 83237.07142749523,
      "pnl": 311.24334569748316,
      "trades": 16,
      "wins": 12,
      "losses": 4,
      "win_rate": 75.0,
      "total_deposits": 1500.0,
      "total_withdrawn": 31.124334569748317
    },
    {
      "month": 38,
      "starting_capital": 83237.07142749523,
      "ending_capital": 85001.97070428723,
      "pnl": 294.33252976888616,
      "trades": 11,
      "wins": 11,
      "losses": 0,
      "win_rate": 100.0,
      "total_deposits": 1500.0,
      "total_withdrawn": 29.433252976888618
    },
    {
      "month": 39,
      "starting_capital": 85001.97070428723,
      "ending_capital": 86672.95783591382,
      "pnl": 189.9857018073235,
      "trades": 13,
      "wins": 9,
      "losses": 4,
      "win_rate": 69.23076923076923,
      "total_deposits": 1500.0,
      "total_withdrawn": 18.99857018073235
    },
    {
      "month": 40,
      "starting_capital": 86672.95783591382,
      "ending_capital": 88425.91925854416,
      "pnl": 281.06824736704584,
      "trades": 13,
      "wins": 11,
      "losses": 2,
      "win_rate": 84.61538461538461,
      "total_deposits": 1500.0,
      "total_withdrawn": 28.106824736704585
    },
    {
      "month": 41,
      "starting_capital": 88425.91925854416,
      "ending_capital": 90070.72619225868,
      "pnl": 160.8965930161212,
      "trades": 11,
      "wins": 8,
      "losses": 3,
      "win_rate": 72.72727272727273,
      "total_deposits": 1500.0,
      "total_withdrawn": 16.08965930161212
    },
    {
      "month": 42,
      "starting_capital": 90070.72619225868,
      "ending_capital": 92223.02612043689,
      "pnl": 724.7776979757909,
      "trades": 19,
      "wins": 18,
      "losses": 1,
      "win_rate": 94.73684210526315,
      "total_deposits": 1500.0,
      "total_withdrawn": 72.4777697975791
    },
    {
      "month": 43,
      "starting_capital": 92223.02612043689,
      "ending_capital": 93889.00333116094,
      "pnl": 184.41912302673154,
      "trades": 16,
      "wins": 10,
      "losses": 6,
      "win_rate": 62.5,
      "total_deposits": 1500.0,
      "total_withdrawn": 18.441912302673156
    },
    {
      "month": 44,
      "starting_capital": 93889.00333116094,
      "ending_capital": 95592.79225908266,
      "pnl": 226.43214213525061,
      "trades": 10,
      "wins": 5,
      "losses": 5,
      "win_rate": 50.0,
      "total_deposits": 1500.0,
      "total_withdrawn": 22.643214213525063
    },
    {
      "month": 45,
      "starting_capital": 95592.79225908266,
      "ending_capital": 97280.46578504589,
      "pnl": 208.52613995913998,
      "trades": 17,
      "wins": 11,
      "losses": 6,
      "win_rate": 64.70588235294117,
      "total_deposits": 1500.0,
      "total_withdrawn": 20.852613995914
    },
    {
      "month": 46,
      "starting_capital": 97280.46578504589,
      "ending_capital": 98984.74314780903,
      "pnl": 226.97484751460433,
      "trades": 16,
      "wins": 8,
      "losses": 8,
      "win_rate": 50.0,
      "total_deposits": 1500.0,
      "total_withdrawn": 22.697484751460436
    },
    {
      "month": 47,
      "starting_capital": 98984.74314780903,
      "ending_capital": 100817.75703371722,
      "pnl": 370.01542878687906,
      "trades": 20,
      "wins": 16,
      "losses": 4,
      "win_rate": 80.0,
      "total_deposits": 1500.0,
      "total_withdrawn": 37.00154287868791
    },
    {
      "month": 48,
      "starting_capital": 100817.75703371722,
      "ending_capital": 102571.6048616143,
      "pnl": 282.0531421078631,
      "trades": 16,
      "wins": 12,
      "losses": 4,
      "win_rate": 75.0,
      "total_deposits": 1500.0,
      "total_withdrawn": 28.205314210786312
    },
    {
      "month": 49,
      "starting_capital": 102571.6048616143,
      "ending_capital": 104251.03518178713,
      "pnl": 199.3670224142552,
      "trades": 13,
      "wins": 9,
      "losses": 4,
      "win_rate": 69.23076923076923,
      "total_deposits": 1500.0,
      "total_withdrawn": 19.93670224142552
    },
    {
      "month": 50,
      "starting_capital": 104251.03518178713,
      "ending_capital": 106170.80314925913,
      "pnl": 466.4088527466665,
      "trades": 20,
      "wins": 12,
      "losses": 8,
      "win_rate": 60.0,
      "total_deposits": 1500.0,
      "total_withdrawn": 46.64088527466666
    },
    {
      "month": 51,
      "starting_capital": 106170.80314925913,
      "ending_capital": 108061.61160776243,
      "pnl": 434.2316205592215,
      "trades": 16,
      "wins": 14,
      "losses": 2,
      "win_rate": 87.5,
      "total_deposits": 1500.0,
      "total_withdrawn": 43.42316205592215
    },
    {
      "month": 52,
      "starting_capital": 108061.61160776243,
      "ending_capital": 109814.00884095208,
      "pnl": 280.44137021072675,
      "trades": 11,
      "wins": 10,
      "losses": 1,
      "win_rate": 90.9090909090909,
      "total_deposits": 1500.0,
      "total_withdrawn": 28.044137021072675
    },
    {
      "month": 53,
      "starting_capital": 109814.00884095208,
      "ending_capital": 111635.53678112915,
      "pnl": 357.2532668634085,
      "trades": 20,
      "wins": 14,
      "losses": 6,
      "win_rate": 70.0,
      "total_deposits": 1500.0,
      "total_withdrawn": 35.72532668634085
    },
    {
      "month": 54,
      "starting_capital": 111635.53678112915,
      "ending_capital": 113487.19856707151,
      "pnl": 390.73531771372654,
      "trades": 12,
      "wins": 11,
      "losses": 1,
      "win_rate": 91.66666666666666,
      "total_deposits": 1500.0,
      "total_withdrawn": 39.07353177137266
    },
    {
      "month": 55,
      "starting_capital": 113487.19856707151,
      "ending_capital": 115183.18542521214,
      "pnl": 217.76317571180698,
      "trades": 15,
      "wins": 9,
      "losses": 6,
      "win_rate": 60.0,
      "total_deposits": 1500.0,
      "total_withdrawn": 21.776317571180698
    },
    {
      "month": 56,
      "starting_capital": 115183.18542521214,
      "ending_capital": 116939.53846237413,
      "pnl": 284.83670795775834,
      "trades": 13,
      "wins": 13,
      "losses": 0,
      "win_rate": 100.0,
      "total_deposits": 1500.0,
      "total_withdrawn": 28.483670795775836
    },
    {
      "month": 57,
      "starting_capital": 116939.53846237413,
      "ending_capital": 118734.35208000359,
      "pnl": 327.57068625495594,
      "trades": 14,
      "wins": 12,
      "losses": 2,
      "win_rate": 85.71428571428571,
      "total_deposits": 1500.0,
      "total_withdrawn": 32.7570686254956
    },
    {
      "month": 58,
      "starting_capital": 118734.35208000359,
      "ending_capital": 120535.32596983,
      "pnl": 334.4154331404425,
      "trades": 19,
      "wins": 15,
      "losses": 4,
      "win_rate": 78.94736842105263,
      "total_deposits": 1500.0,
      "total_withdrawn": 33.441543314044246
    },
    {
      "month": 59,
      "starting_capital": 120535.32596983,
      "ending_capital": 122175.50695474324,
      "pnl": 155.75664990360383,
      "trades": 10,
      "wins": 8,
      "losses": 2,
      "win_rate": 80.0,
      "total_deposits": 1500.0,
      "total_withdrawn": 15.575664990360384
    },
    {
      "month": 60,
      "starting_capital": 122175.50695474324,
      "ending_capital": 124052.2325627906,
      "pnl": 418.5840089415142,
      "trades": 20,
      "wins": 18,
      "losses": 2,
      "win_rate": 90.0,
      "total_deposits": 1500.0,
      "total_withdrawn": 41.85840089415142
    },
    {
      "month": 61,
      "starting_capital": 124052.2325627906,
      "ending_capital": 125700.22827793127,
      "pnl": 164.43968348963244,
      "trades": 12,
      "wins": 8,
      "losses": 4,
      "win_rate": 66.66666666666666,
      "total_deposits": 1500.0,
      "total_withdrawn": 16.443968348963246
    },
    {
      "month": 62,
      "starting_capital": 125700.22827793127,
      "ending_capital": 127667.6708632603,
      "pnl": 519.3806503655942,
      "trades": 17,
      "wins": 16,
      "losses": 1,
      "win_rate": 94.11764705882352,
      "total_deposits": 1500.0,
      "total_withdrawn": 51.93806503655942
    },
    {
      "month": 63,
      "starting_capital": 127667.6708632603,
      "ending_capital": 129580.92656372851,
      "pnl": 459.17300052024075,
      "trades": 18,
      "wins": 15,
      "losses": 3,
      "win_rate": 83.33333333333334,
      "total_deposits": 1500.0,
      "total_withdrawn": 45.917300052024075
    },
    {
      "month": 64,
      "starting_capital": 129580.92656372851,
      "ending_capital": 131335.1426797063,
      "pnl": 282.46235108643305,
      "trades": 15,
      "wins": 12,
      "losses": 3,
      "win_rate": 80.0,
      "total_deposits": 1500.0,
      "total_withdrawn": 28.246235108643305
    },
    {
      "month": 65,
      "starting_capital": 131335.1426797063,
      "ending_capital": 133030.43294316958,
      "pnl": 216.9891816258605,
      "trades": 12,
      "wins": 8,
      "losses": 4,
      "win_rate": 66.66666666666666,
      "total_deposits": 1500.0,
      "total_withdrawn": 21.698918162586054
    },
    {
      "month": 66,
      "starting_capital": 133030.43294316958,
      "ending_capital": 134801.7758675004,
      "pnl": 301.49213814534596,
      "trades": 14,
      "wins": 10,
      "losses": 4,
      "win_rate": 71.42857142857143,
      "total_deposits": 1500.0,
      "total_withdrawn": 30.149213814534598
    },
    {
      "month": 67,
      "starting_capital": 134801.7758675004,
      "ending_capital": 136460.48164895456,
      "pnl": 176.33975717128487,
      "trades": 12,
      "wins": 9,
      "losses": 3,
      "win_rate": 75.0,
      "total_deposits": 1500.0,
      "total_withdrawn": 17.63397571712849
    },
    {
      "month": 68,
      "starting_capital": 136460.48164895456,
      "ending_capital": 138394.17595401016,
      "pnl": 481.88256117288256,
      "trades": 20,
      "wins": 17,
      "losses": 3,
      "win_rate": 85.0,
      "total_deposits": 1500.0,
      "total_withdrawn": 48.18825611728826
    },
    {
      "month": 69,
      "starting_capital": 138394.17595401016,
      "ending_capital": 140054.88448906792,
      "pnl": 178.56503895306378,
      "trades": 17,
      "wins": 11,
      "losses": 6,
      "win_rate": 64.70588235294117,
      "total_deposits": 1500.0,
      "total_withdrawn": 17.85650389530638
    },
    {
      "month": 70,
      "starting_capital": 140054.88448906792,
      "ending_capital": 141993.22869809595,
      "pnl": 487.0491211422486,
      "trades": 15,
      "wins": 13,
      "losses": 2,
      "win_rate": 86.66666666666667,
      "total_deposits": 1500.0,
      "total_withdrawn": 48.70491211422487
    },
    {
      "month": 71,
      "starting_capital": 141993.22869809595,
      "ending_capital": 143790.64740760648,
      "pnl": 330.46523278948735,
      "trades": 16,
      "wins": 12,
      "losses": 4,
      "win_rate": 75.0,
      "total_deposits": 1500.0,
      "total_withdrawn": 33.04652327894873
    },
    {
      "month": 72,
      "starting_capital": 143790.64740760648,
      "ending_capital": 145596.7194889196,
      "pnl": 340.0800903479103,
      "trades": 17,
      "wins": 11,
      "losses": 6,
      "win_rate": 64.70588235294117,
      "total_deposits": 1500.0,
      "total_withdrawn": 34.00800903479103
    },
    {
      "month": 73,
      "starting_capital": 145596.7194889196,
      "ending_capital": 147305.08616651894,
      "pnl": 231.51853066595504,
      "trades": 11,
      "wins": 9,
      "losses": 2,
      "win_rate": 81.81818181818183,
      "total_deposits": 1500.0,
      "total_withdrawn": 23.151853066595507
    },
    {
      "month": 74,
      "starting_capital": 147305.08616651894,
      "ending_capital": 149082.58175949237,
      "pnl": 308.32843663715175,
      "trades": 11,
      "wins": 10,
      "losses": 1,
      "win_rate": 90.9090909090909,
      "total_deposits": 1500.0,
      "total_withdrawn": 30.832843663715177
    },
    {
      "month": 75,
      "starting_capital": 149082.58175949237,
      "ending_capital": 150860.93528039102,
      "pnl": 309.2816898873716,
      "trades": 15,
      "wins": 12,
      "losses": 3,
      "win_rate": 80.0,
      "total_deposits": 1500.0,
      "total_withdrawn": 30.928168988737163
    },
    {
      "month": 76,
      "starting_capital": 150860.93528039102,
      "ending_capital": 152651.50989634197,
      "pnl": 322.860684389947,
      "trades": 10,
      "wins": 10,
      "losses": 0,
      "win_rate": 100.0,
      "total_deposits": 1500.0,
      "total_withdrawn": 32.2860684389947
    },
    {
      "month": 77,
      "starting_capital": 152651.50989634197,
      "ending_capital": 154455.6926427053,
      "pnl": 337.98082929258817,
      "trades": 14,
      "wins": 13,
      "losses": 1,
      "win_rate": 92.85714285714286,
      "total_deposits": 1500.0,
      "total_withdrawn": 33.79808292925882
    },
    {
      "month": 78,
      "starting_capital": 154455.6926427053,
      "ending_capital": 156195.2287932833,
      "pnl": 266.1512784200022,
      "trades": 12,
      "wins": 8,
      "losses": 4,
      "win_rate": 66.66666666666666,
      "total_deposits": 1500.0,
      "total_withdrawn": 26.61512784200022
    },
    {
      "month": 79,
      "starting_capital": 156195.2287932833,
      "ending_capital": 158089.35999225004,
      "pnl": 437.9235544074909,
      "trades": 15,
      "wins": 14,
      "losses": 1,
      "win_rate": 93.33333333333333,
      "total_deposits": 1500.0,
      "total_withdrawn": 43.79235544074909
    },
    {
      "month": 80,
      "starting_capital": 158089.35999225004,
      "ending_capital": 160030.906460923,
      "pnl": 490.6071874143963,
      "trades": 18,
      "wins": 16,
      "losses": 2,
      "win_rate": 88.88888888888889,
      "total_deposits": 1500.0,
      "total_withdrawn": 49.060718741439636
    },
    {
      "month": 81,
      "starting_capital": 160030.906460923,
      "ending_capital": 161765.51436481613,
      "pnl": 260.67544877014006,
      "trades": 13,
      "wins": 9,
      "losses": 4,
      "win_rate": 69.23076923076923,
      "total_deposits": 1500.0,
      "total_withdrawn": 26.067544877014008
    },
    {
      "month": 82,
      "starting_capital": 161765.51436481613,
      "ending_capital": 163421.95813959412,
      "pnl": 173.82641641999362,
      "trades": 11,
      "wins": 5,
      "losses": 6,
      "win_rate": 45.45454545454545,
      "total_deposits": 1500.0,
      "total_withdrawn": 17.382641641999363
    },
    {
      "month": 83,
      "starting_capital": 163421.95813959412,
      "ending_capital": 165494.83263826318,
      "pnl": 636.5272207433882,
      "trades": 20,
      "wins": 17,
      "losses": 3,
      "win_rate": 85.0,
      "total_deposits": 1500.0,
      "total_withdrawn": 63.65272207433882
    },
    {
      "month": 84,
      "starting_capital": 165494.83263826318,
      "ending_capital": 167414.205515477,
      "pnl": 465.96986357090645,
      "trades": 17,
      "wins": 15,
      "losses": 2,
      "win_rate": 88.23529411764706,
      "total_deposits": 1500.0,
      "total_withdrawn": 46.59698635709065
    },
    {
      "month": 85,
      "starting_capital": 167414.205515477,
      "ending_capital": 169277.81514655595,
      "pnl": 404.01070119885844,
      "trades": 12,
      "wins": 12,
      "losses": 0,
      "win_rate": 100.0,
      "total_deposits": 1500.0,
      "total_withdrawn": 40.401070119885844
    },
    {
      "month": 86,
      "starting_capital": 169277.81514655595,
      "ending_capital": 171170.33387794305,
      "pnl": 436.1319237634307,
      "trades": 14,
      "wins": 13,
      "losses": 1,
      "win_rate": 92.85714285714286,
      "total_deposits": 1500.0,
      "total_withdrawn": 43.61319237634307
    },
    {
      "month": 87,
      "starting_capital": 171170.33387794305,
      "ending_capital": 173055.56378617417,
      "pnl": 428.03323136791005,
      "trades": 16,
      "wins": 13,
      "losses": 3,
      "win_rate": 81.25,
      "total_deposits": 1500.0,
      "total_withdrawn": 42.80332313679101
    },
    {
      "month": 88,
      "starting_capital": 173055.56378617417,
      "ending_capital": 175143.83075576104,
      "pnl": 653.6299662076344,
      "trades": 19,
      "wins": 18,
      "losses": 1,
      "win_rate": 94.73684210526315,
      "total_deposits": 1500.0,
      "total_withdrawn": 65.36299662076344
    },
    {
      "month": 89,
      "starting_capital": 175143.83075576104,
      "ending_capital": 177181.4620418074,
      "pnl": 597.3680956070602,
      "trades": 19,
      "wins": 16,
      "losses": 3,
      "win_rate": 84.21052631578947,
      "total_deposits": 1500.0,
      "total_withdrawn": 59.73680956070603
    },
    {
      "month": 90,
      "starting_capital": 177181.4620418074,
      "ending_capital": 179105.230677853,
      "pnl": 470.8540400506754,
      "trades": 16,
      "wins": 13,
      "losses": 3,
      "win_rate": 81.25,
      "total_deposits": 1500.0,
      "total_withdrawn": 47.085404005067545
    },
    {
      "month": 91,
      "starting_capital": 179105.230677853,
      "ending_capital": 181001.17728007876,
      "pnl": 439.94066913975985,
      "trades": 17,
      "wins": 11,
      "losses": 6,
      "win_rate": 64.70588235294117,
      "total_deposits": 1500.0,
      "total_withdrawn": 43.994066913975985
    },
    {
      "month": 92,
      "starting_capital": 181001.17728007876,
      "ending_capital": 182647.38595602353,
      "pnl": 162.45408438306185,
      "trades": 12,
      "wins": 7,
      "losses": 5,
      "win_rate": 58.333333333333336,
      "total_deposits": 1500.0,
      "total_withdrawn": 16.245408438306185
    },
    {
      "month": 93,
      "starting_capital": 182647.38595602353,
      "ending_capital": 184400.4127261313,
      "pnl": 281.1408556753013,
      "trades": 15,
      "wins": 10,
      "losses": 5,
      "win_rate": 66.66666666666666,
      "total_deposits": 1500.0,
      "total_withdrawn": 28.11408556753013
    },
    {
      "month": 94,
      "starting_capital": 184400.4127261313,
      "ending_capital": 186164.45826316043,
      "pnl": 293.38393003237434,
      "trades": 13,
      "wins": 10,
      "losses": 3,
      "win_rate": 76.92307692307693,
      "total_deposits": 1500.0,
      "total_withdrawn": 29.338393003237435
    },
    {
      "month": 95,
      "starting_capital": 186164.45826316043,
      "ending_capital": 188085.1409231984,
      "pnl": 467.42517781996867,
      "trades": 19,
      "wins": 17,
      "losses": 2,
      "win_rate": 89.47368421052632,
      "total_deposits": 1500.0,
      "total_withdrawn": 46.74251778199687
    },
    {
      "month": 96,
      "starting_capital": 188085.1409231984,
      "ending_capital": 190069.15835043424,
      "pnl": 537.7971413731575,
      "trades": 12,
      "wins": 11,
      "losses": 1,
      "win_rate": 91.66666666666666,
      "total_deposits": 1500.0,
      "total_withdrawn": 53.77971413731575
    },
    {
      "month": 97,
      "starting_capital": 190069.15835043424,
      "ending_capital": 191900.4811149269,
      "pnl": 368.1364049918484,
      "trades": 12,
      "wins": 10,
      "losses": 2,
      "win_rate": 83.33333333333334,
      "total_deposits": 1500.0,
      "total_withdrawn": 36.81364049918484
    },
    {
      "month": 98,
      "starting_capital": 191900.4811149269,
      "ending_capital": 193623.66894294467,
      "pnl": 247.98647557530785,
      "trades": 18,
      "wins": 10,
      "losses": 8,
      "win_rate": 55.55555555555556,
      "total_deposits": 1500.0,
      "total_withdrawn": 24.798647557530785
    },
    {
      "month": 99,
      "starting_capital": 193623.66894294467,
      "ending_capital": 195427.87517562756,
      "pnl": 338.00692520319717,
      "trades": 14,
      "wins": 9,
      "losses": 5,
      "win_rate": 64.28571428571429,
      "total_deposits": 1500.0,
      "total_withdrawn": 33.80069252031972
    },
    {
      "month": 100,
      "starting_capital": 195427.87517562756,
      "ending_capital": 197185.95539505617,
      "pnl": 286.7557993651135,
      "trades": 12,
      "wins": 10,
      "losses": 2,
      "win_rate": 83.33333333333334,
      "total_deposits": 1500.0,
      "total_withdrawn": 28.67557993651135
    },
    {
      "month": 101,
      "starting_capital": 197185.95539505617,
      "ending_capital": 198909.00174954126,
      "pnl": 247.8292827612022,
      "trades": 10,
      "wins": 8,
      "losses": 2,
      "win_rate": 80.0,
      "total_deposits": 1500.0,
      "total_withdrawn": 24.78292827612022
    },
    {
      "month": 102,
      "starting_capital": 198909.00174954126,
      "ending_capital": 200643.17552702117,
      "pnl": 260.19308608878055,
      "trades": 13,
      "wins": 9,
      "losses": 4,
      "win_rate": 69.23076923076923,
      "total_deposits": 1500.0,
      "total_withdrawn": 26.019308608878056
    },
    {
      "month": 103,
      "starting_capital": 200643.17552702117,
      "ending_capital": 202445.47268592936,
      "pnl": 335.885732120194,
      "trades": 16,
      "wins": 12,
      "losses": 4,
      "win_rate": 75.0,
      "total_deposits": 1500.0,
      "total_withdrawn": 33.588573212019405
    },
    {
      "month": 104,
      "starting_capital": 202445.47268592936,
      "ending_capital": 204365.5113767096,
      "pnl": 466.7096564224921,
      "trades": 17,
      "wins": 15,
      "losses": 2,
      "win_rate": 88.23529411764706,
      "total_deposits": 1500.0,
      "total_withdrawn": 46.670965642249215
    },
    {
      "month": 105,
      "starting_capital": 204365.5113767096,
      "ending_capital": 206256.26535969556,
      "pnl": 434.17109220664133,
      "trades": 16,
      "wins": 11,
      "losses": 5,
      "win_rate": 68.75,
      "total_deposits": 1500.0,
      "total_withdrawn": 43.41710922066414
    },
    {
      "month": 106,
      "starting_capital": 206256.26535969556,
      "ending_capital": 207980.52128554127,
      "pnl": 249.17325093966792,
      "trades": 10,
      "wins": 8,
      "losses": 2,
      "win_rate": 80.0,
      "total_deposits": 1500.0,
      "total_withdrawn": 24.917325093966795
    },
    {
      "month": 107,
      "starting_capital": 207980.52128554127,
      "ending_capital": 209798.22271331758,
      "pnl": 353.00158641813323,
      "trades": 14,
      "wins": 10,
      "losses": 4,
      "win_rate": 71.42857142857143,
      "total_deposits": 1500.0,
      "total_withdrawn": 35.300158641813326
    },
    {
      "month": 108,
      "starting_capital": 209798.22271331758,
      "ending_capital": 211777.43425110838,
      "pnl": 532.4572642119892,
      "trades": 20,
      "wins": 15,
      "losses": 5,
      "win_rate": 75.0,
      "total_deposits": 1500.0,
      "total_withdrawn": 53.245726421198924
    },
    {
      "month": 109,
      "starting_capital": 211777.43425110838,
      "ending_capital": 213569.68824865145,
      "pnl": 324.72666393674444,
      "trades": 10,
      "wins": 9,
      "losses": 1,
      "win_rate": 90.0,
      "total_deposits": 1500.0,
      "total_withdrawn": 32.472666393674444
    },
    {
      "month": 110,
      "starting_capital": 213569.68824865145,
      "ending_capital": 215594.4119842933,
      "pnl": 583.0263729354192,
      "trades": 17,
      "wins": 14,
      "losses": 3,
      "win_rate": 82.35294117647058,
      "total_deposits": 1500.0,
      "total_withdrawn": 58.30263729354192
    },
    {
      "month": 111,
      "starting_capital": 215594.4119842933,
      "ending_capital": 217499.14988315577,
      "pnl": 449.70877651384217,
      "trades": 16,
      "wins": 13,
      "losses": 3,
      "win_rate": 81.25,
      "total_deposits": 1500.0,
      "total_withdrawn": 44.97087765138422
    },
    {
      "month": 112,
      "starting_capital": 217499.14988315577,
      "ending_capital": 219437.35850290238,
      "pnl": 486.89846638511517,
      "trades": 18,
      "wins": 14,
      "losses": 4,
      "win_rate": 77.77777777777779,
      "total_deposits": 1500.0,
      "total_withdrawn": 48.68984663851152
    },
    {
      "month": 113,
      "starting_capital": 219437.35850290238,
      "ending_capital": 221255.52270641553,
      "pnl": 353.51578168128617,
      "trades": 18,
      "wins": 13,
      "losses": 5,
      "win_rate": 72.22222222222221,
      "total_deposits": 1500.0,
      "total_withdrawn": 35.35157816812862
    },
    {
      "month": 114,
      "starting_capital": 221255.52270641553,
      "ending_capital": 223105.4194247758,
      "pnl": 388.77413151142537,
      "trades": 13,
      "wins": 11,
      "losses": 2,
      "win_rate": 84.61538461538461,
      "total_deposits": 1500.0,
      "total_withdrawn": 38.87741315114254
    },
    {
      "month": 115,
      "starting_capital": 223105.4194247758,
      "ending_capital": 225121.43999258842,
      "pnl": 573.3561864584626,
      "trades": 15,
      "wins": 12,
      "losses": 3,
      "win_rate": 80.0,
      "total_deposits": 1500.0,
      "total_withdrawn": 57.33561864584627
    },
    {
      "month": 116,
      "starting_capital": 225121.43999258842,
      "ending_capital": 227042.43446009798,
      "pnl": 467.77163056618883,
      "trades": 13,
      "wins": 11,
      "losses": 2,
      "win_rate": 84.61538461538461,
      "total_deposits": 1500.0,
      "total_withdrawn": 46.77716305661889
    },
    {
      "month": 117,
      "starting_capital": 227042.43446009798,
      "ending_capital": 228988.18586768312,
      "pnl": 495.27934176125564,
      "trades": 11,
      "wins": 9,
      "losses": 2,
      "win_rate": 81.81818181818183,
      "total_deposits": 1500.0,
      "total_withdrawn": 49.52793417612557
    },
    {
      "month": 118,
      "starting_capital": 228988.18586768312,
      "ending_capital": 230861.26645946712,
      "pnl": 414.533990871103,
      "trades": 15,
      "wins": 11,
      "losses": 4,
      "win_rate": 73.33333333333333,
      "total_deposits": 1500.0,
      "total_withdrawn": 41.453399087110306
    },
    {
      "month": 119,
      "starting_capital": 230861.26645946712,
      "ending_capital": 232722.75701020274,
      "pnl": 401.6561674840341,
      "trades": 13,
      "wins": 10,
      "losses": 3,
      "win_rate": 76.92307692307693,
      "total_deposits": 1500.0,
      "total_withdrawn": 40.16561674840341
    },
    {
      "month": 120,
      "starting_capital": 232722.75701020274,
      "ending_capital": 234642.88997592914,
      "pnl": 466.81440636265324,
      "trades": 13,
      "wins": 10,
      "losses": 3,
      "win_rate": 76.92307692307693,
      "total_deposits": 1500.0,
      "total_withdrawn": 46.68144063626533
    }
  ],
  "timestamp": "2025-10-15T04:16:14.304807+00:00"
}