{
  "simulation_summary": {
    "starting_capital": 2000.0,
    "final_capital": 18536578.19569185,
    "total_deposited": 122000.0,
    "total_withdrawn": 3249631.4462985625,
    "final_net_worth": 21786209.641990412,
    "total_pnl": 21664209.641990412,
    "roi_pct": 17757.548886877386,
    "simulation_years": 10,
    "total_trades": 2660,
    "wins": 2205,
    "losses": 455,
    "overall_win_rate": 82.89473684210526,
    "avg_profit_loss_ratio": 4.499061285360137
  },
  "feature_usage": {
    "fvg_detection_rate": 64.3984962406015,
    "mass_behavior_rate": 59.210526315789465,
    "hive_ml_boost_rate": 85.52631578947368,
    "hedge_activation_rate": 76.57894736842105
  },
  "charter_compliance": {
    "pin": 841921,
    "min_notional": 15000,
    "min_profit_loss_ratio": 3.0,
    "compliance_rate": 100.0
  },
  "monthly_breakdown": [
    {
      "month": 1,
      "year": 1,
      "starting_capital": 2000.0,
      "ending_capital": 10336.010647334093,
      "monthly_deposit": 1000.0,
      "monthly_withdrawn": 1294.5901142354285,
      "gross_pnl": 8630.600761569523,
      "net_pnl": 7336.010647334095,
      "total_trades": 18,
      "winning_trades": 17,
      "losing_trades": 1,
      "win_rate": 94.44444444444444,
      "avg_profit_loss_ratio": 4.23141710905003,
      "charter_compliance_rate": 100.0
    },
    {
      "month": 2,
      "year": 1,
      "starting_capital": 10336.010647334093,
      "ending_capital": 19718.246522956786,
      "monthly_deposit": 1000.0,
      "monthly_withdrawn": 1479.2180956981235,
      "gross_pnl": 9861.453971320823,
      "net_pnl": 8382.2358756227,
      "total_trades": 20,
      "winning_trades": 19,
      "losing_trades": 1,
      "win_rate": 95.0,
      "avg_profit_loss_ratio": 4.212359223571156,
      "charter_compliance_rate": 100.0
    },
    {
      "month": 3,
      "year": 1,
      "starting_capital": 19718.246522956786,
      "ending_capital": 26757.285153431156,
      "monthly_deposit": 1000.0,
      "monthly_withdrawn": 1065.7126994954751,
      "gross_pnl": 7104.751329969835,
      "net_pnl": 6039.03863047436,
      "total_trades": 18,
      "winning_trades": 15,
      "losing_trades": 3,
      "win_rate": 83.33333333333334,
      "avg_profit_loss_ratio": 4.222753045654868,
      "charter_compliance_rate": 100.0
    },
    {
      "month": 4,
      "year": 1,
      "starting_capital": 26757.285153431156,
      "ending_capital": 37488.7126838789,
      "monthly_deposit": 1000.0,
      "monthly_withdrawn": 1717.3107406672525,
      "gross_pnl": 11448.738271115017,
      "net_pnl": 9731.427530447763,
      "total_trades": 27,
      "winning_trades": 22,
      "losing_trades": 5,
      "win_rate": 81.48148148148148,
      "avg_profit_loss_ratio": 4.449718364271598,
      "charter_compliance_rate": 100.0
    },
    {
      "month": 5,
      "year": 1,
      "starting_capital": 37488.7126838789,
      "ending_capital": 49834.544895323575,
      "monthly_deposit": 1000.0,
      "monthly_withdrawn": 2002.2056843725907,
      "gross_pnl": 13348.037895817271,
      "net_pnl": 11345.83221144468,
      "total_trades": 29,
      "winning_trades": 24,
      "losing_trades": 5,
      "win_rate": 82.75862068965517,
      "avg_profit_loss_ratio": 4.513020958027074,
      "charter_compliance_rate": 100.0
    },
    {
      "month": 6,
      "year": 1,
      "starting_capital": 49834.544895323575,
      "ending_capital": 57204.44569394462,
      "monthly_deposit": 1000.0,
      "monthly_withdrawn": 1124.1001409331236,
      "gross_pnl": 7494.000939554158,
      "net_pnl": 6369.9007986210345,
      "total_trades": 15,
      "winning_trades": 14,
      "losing_trades": 1,
      "win_rate": 93.33333333333333,
      "avg_profit_loss_ratio": 4.3345860578123006,
      "charter_compliance_rate": 100.0
    },
    {
      "month": 7,
      "year": 1,
      "starting_capital": 57204.44569394462,
      "ending_capital": 66469.37727991349,
      "monthly_deposit": 1000.0,
      "monthly_withdrawn": 1458.5173387003883,
      "gross_pnl": 9723.448924669256,
      "net_pnl": 8264.931585968867,
      "total_trades": 26,
      "winning_trades": 20,
      "losing_trades": 6,
      "win_rate": 76.92307692307693,
      "avg_profit_loss_ratio": 4.576629512854554,
      "charter_compliance_rate": 100.0
    },
    {
      "month": 8,
      "year": 1,
      "starting_capital": 66469.37727991349,
      "ending_capital": 73231.80510380799,
      "monthly_deposit": 1000.0,
      "monthly_withdrawn": 1016.8990277460914,
      "gross_pnl": 6779.32685164061,
      "net_pnl": 5762.427823894518,
      "total_trades": 17,
      "winning_trades": 14,
      "losing_trades": 3,
      "win_rate": 82.35294117647058,
      "avg_profit_loss_ratio": 4.653017724136631,
      "charter_compliance_rate": 100.0
    },
    {
      "month": 9,
      "year": 1,
      "starting_capital": 73231.80510380799,
      "ending_capital": 84446.82807020863,
      "monthly_deposit": 1000.0,
      "monthly_withdrawn": 1802.651111717764,
      "gross_pnl": 12017.674078118427,
      "net_pnl": 10215.022966400664,
      "total_trades": 30,
      "winning_trades": 24,
      "losing_trades": 6,
      "win_rate": 80.0,
      "avg_profit_loss_ratio": 4.471061602063014,
      "charter_compliance_rate": 100.0
    },
    {
      "month": 10,
      "year": 1,
      "starting_capital": 84446.82807020863,
      "ending_capital": 91471.58941274518,
      "monthly_deposit": 1000.0,
      "monthly_withdrawn": 1063.1931780946834,
      "gross_pnl": 7087.954520631223,
      "net_pnl": 6024.76134253654,
      "total_trades": 21,
      "winning_trades": 14,
      "losing_trades": 7,
      "win_rate": 66.66666666666666,
      "avg_profit_loss_ratio": 4.170245020256411,
      "charter_compliance_rate": 100.0
    },
    {
      "month": 11,
      "year": 1,
      "starting_capital": 91471.58941274518,
      "ending_capital": 102310.07458155566,
      "monthly_deposit": 1000.0,
      "monthly_withdrawn": 1736.2032650842075,
      "gross_pnl": 11574.688433894717,
      "net_pnl": 9838.485168810508,
      "total_trades": 29,
      "winning_trades": 23,
      "losing_trades": 6,
      "win_rate": 79.3103448275862,
      "avg_profit_loss_ratio": 4.806660566487031,
      "charter_compliance_rate": 100.0
    },
    {
      "month": 12,
      "year": 1,
      "starting_capital": 102310.07458155566,
      "ending_capital": 110214.84018015521,
      "monthly_deposit": 1000.0,
      "monthly_withdrawn": 1218.4880468116855,
      "gross_pnl": 8123.253645411238,
      "net_pnl": 6904.7655985995525,
      "total_trades": 20,
      "winning_trades": 16,
      "losing_trades": 4,
      "win_rate": 80.0,
      "avg_profit_loss_ratio": 4.200925770270629,
      "charter_compliance_rate": 100.0
    },
    {
      "month": 1,
      "year": 2,
      "starting_capital": 110214.84018015521,
      "ending_capital": 118868.8482489453,
      "monthly_deposit": 1000.0,
      "monthly_withdrawn": 1350.707306257081,
      "gross_pnl": 9004.715375047206,
      "net_pnl": 7654.008068790125,
      "total_trades": 22,
      "winning_trades": 18,
      "losing_trades": 4,
      "win_rate": 81.81818181818183,
      "avg_profit_loss_ratio": 4.433457739293435,
      "charter_compliance_rate": 100.0
    },
    {
      "month": 2,
      "year": 2,
      "starting_capital": 118868.8482489453,
      "ending_capital": 125417.80637589986,
      "monthly_deposit": 1000.0,
      "monthly_withdrawn": 979.2279047566842,
      "gross_pnl": 6528.186031711229,
      "net_pnl": 5548.958126954544,
      "total_trades": 15,
      "winning_trades": 13,
      "losing_trades": 2,
      "win_rate": 86.66666666666667,
      "avg_profit_loss_ratio": 4.344160983140833,
      "charter_compliance_rate": 100.0
    },
    {
      "month": 3,
      "year": 2,
      "starting_capital": 125417.80637589986,
      "ending_capital": 132930.55427087296,
      "monthly_deposit": 1000.0,
      "monthly_withdrawn": 1149.3084520540642,
      "gross_pnl": 7662.056347027095,
      "net_pnl": 6512.747894973031,
      "total_trades": 25,
      "winning_trades": 16,
      "losing_trades": 9,
      "win_rate": 64.0,
      "avg_profit_loss_ratio": 4.5626424434564745,
      "charter_compliance_rate": 100.0
    },
    {
      "month": 4,
      "year": 2,
      "starting_capital": 132930.55427087296,
      "ending_capital": 141664.24668161667,
      "monthly_deposit": 1000.0,
      "monthly_withdrawn": 1364.7692489547678,
      "gross_pnl": 9098.461659698452,
      "net_pnl": 7733.692410743684,
      "total_trades": 23,
      "winning_trades": 18,
      "losing_trades": 5,
      "win_rate": 78.26086956521739,
      "avg_profit_loss_ratio": 4.566129393546664,
      "charter_compliance_rate": 100.0
    },
    {
      "month": 5,
      "year": 2,
      "starting_capital": 141664.24668161667,
      "ending_capital": 154160.9067931978,
      "monthly_deposit": 1000.0,
      "monthly_withdrawn": 2028.8223726319718,
      "gross_pnl": 13525.482484213146,
      "net_pnl": 11496.660111581174,
      "total_trades": 29,
      "winning_trades": 25,
      "losing_trades": 4,
      "win_rate": 86.20689655172413,
      "avg_profit_loss_ratio": 4.429264530978676,
      "charter_compliance_rate": 100.0
    },
    {
      "month": 6,
      "year": 2,
      "starting_capital": 154160.9067931978,
      "ending_capital": 163548.29129324493,
      "monthly_deposit": 1000.0,
      "monthly_withdrawn": 1480.1266764789073,
      "gross_pnl": 9867.511176526048,
      "net_pnl": 8387.384500047141,
      "total_trades": 19,
      "winning_trades": 17,
      "losing_trades": 2,
      "win_rate": 89.47368421052632,
      "avg_profit_loss_ratio": 4.735986743180919,
      "charter_compliance_rate": 100.0
    },
    {
      "month": 7,
      "year": 2,
      "starting_capital": 163548.29129324493,
      "ending_capital": 176006.96432755378,
      "monthly_deposit": 1000.0,
      "monthly_withdrawn": 2022.118770760392,
      "gross_pnl": 13480.79180506928,
      "net_pnl": 11458.67303430889,
      "total_trades": 29,
      "winning_trades": 26,
      "losing_trades": 3,
      "win_rate": 89.65517241379311,
      "avg_profit_loss_ratio": 4.474643586213947,
      "charter_compliance_rate": 100.0
    },
    {
      "month": 8,
      "year": 2,
      "starting_capital": 176006.96432755378,
      "ending_capital": 188249.3660858042,
      "monthly_deposit": 1000.0,
      "monthly_withdrawn": 1983.9532514559533,
      "gross_pnl": 13226.355009706356,
      "net_pnl": 11242.401758250402,
      "total_trades": 26,
      "winning_trades": 25,
      "losing_trades": 1,
      "win_rate": 96.15384615384616,
      "avg_profit_loss_ratio": 4.1030890594956455,
      "charter_compliance_rate": 100.0
    },
    {
      "month": 9,
      "year": 2,
      "starting_capital": 188249.3660858042,
      "ending_capital": 197774.38675777844,
      "monthly_deposit": 1000.0,
      "monthly_withdrawn": 1504.415412701347,
      "gross_pnl": 10029.436084675646,
      "net_pnl": 8525.0206719743,
      "total_trades": 27,
      "winning_trades": 18,
      "losing_trades": 9,
      "win_rate": 66.66666666666666,
      "avg_profit_loss_ratio": 4.512011521291136,
      "charter_compliance_rate": 100.0
    },
    {
      "month": 10,
      "year": 2,
      "starting_capital": 197774.38675777844,
      "ending_capital": 208858.63770710267,
      "monthly_deposit": 1000.0,
      "monthly_withdrawn": 1779.5736969395768,
      "gross_pnl": 11863.824646263845,
      "net_pnl": 10084.250949324269,
      "total_trades": 23,
      "winning_trades": 19,
      "losing_trades": 4,
      "win_rate": 82.6086956521739,
      "avg_profit_loss_ratio": 4.311384301568161,
      "charter_compliance_rate": 100.0
    },
    {
      "month": 11,
      "year": 2,
      "starting_capital": 208858.63770710267,
      "ending_capital": 215574.10669320574,
      "monthly_deposit": 1000.0,
      "monthly_withdrawn": 1008.6121740181818,
      "gross_pnl": 6724.081160121213,
      "net_pnl": 5715.468986103031,
      "total_trades": 15,
      "winning_trades": 12,
      "losing_trades": 3,
      "win_rate": 80.0,
      "avg_profit_loss_ratio": 4.498341033307864,
      "charter_compliance_rate": 100.0
    },
    {
      "month": 12,
      "year": 2,
      "starting_capital": 215574.10669320574,
      "ending_capital": 223786.4368777842,
      "monthly_deposit": 1000.0,
      "monthly_withdrawn": 1272.7641502197334,
      "gross_pnl": 8485.094334798223,
      "net_pnl": 7212.33018457849,
      "total_trades": 21,
      "winning_trades": 14,
      "losing_trades": 7,
      "win_rate": 66.66666666666666,
      "avg_profit_loss_ratio": 4.631087675753361,
      "charter_compliance_rate": 100.0
    },
    {
      "month": 1,
      "year": 3,
      "starting_capital": 223786.4368777842,
      "ending_capital": 232685.03371537663,
      "monthly_deposit": 1000.0,
      "monthly_withdrawn": 1393.8700301633708,
      "gross_pnl": 9292.466867755806,
      "net_pnl": 7898.596837592435,
      "total_trades": 18,
      "winning_trades": 14,
      "losing_trades": 4,
      "win_rate": 77.77777777777779,
      "avg_profit_loss_ratio": 4.524372385385481,
      "charter_compliance_rate": 100.0
    },
    {
      "month": 2,
      "year": 3,
      "starting_capital": 232685.03371537663,
      "ending_capital": 240922.65237601046,
      "monthly_deposit": 1000.0,
      "monthly_withdrawn": 1277.2268224647955,
      "gross_pnl": 8514.845483098637,
      "net_pnl": 7237.6186606338415,
      "total_trades": 16,
      "winning_trades": 11,
      "losing_trades": 5,
      "win_rate": 68.75,
      "avg_profit_loss_ratio": 4.657683718968357,
      "charter_compliance_rate": 100.0
    },
    {
      "month": 3,
      "year": 3,
      "starting_capital": 240922.65237601046,
      "ending_capital": 257033.29373957106,
      "monthly_deposit": 1000.0,
      "monthly_withdrawn": 2666.5837700401003,
      "gross_pnl": 17777.22513360067,
      "net_pnl": 15110.64136356057,
      "total_trades": 27,
      "winning_trades": 22,
      "losing_trades": 5,
      "win_rate": 81.48148148148148,
      "avg_profit_loss_ratio": 4.824243172220307,
      "charter_compliance_rate": 100.0
    },
    {
      "month": 4,
      "year": 3,
      "starting_capital": 257033.29373957106,
      "ending_capital": 272726.1950495726,
      "monthly_deposit": 1000.0,
      "monthly_withdrawn": 2592.8649370591015,
      "gross_pnl": 17285.766247060677,
      "net_pnl": 14692.901310001576,
      "total_trades": 24,
      "winning_trades": 22,
      "losing_trades": 2,
      "win_rate": 91.66666666666666,
      "avg_profit_loss_ratio": 4.510382399215486,
      "charter_compliance_rate": 100.0
    },
    {
      "month": 5,
      "year": 3,
      "starting_capital": 272726.1950495726,
      "ending_capital": 282988.63947648427,
      "monthly_deposit": 1000.0,
      "monthly_withdrawn": 1634.5490165138333,
      "gross_pnl": 10896.993443425556,
      "net_pnl": 9262.444426911723,
      "total_trades": 17,
      "winning_trades": 14,
      "losing_trades": 3,
      "win_rate": 82.35294117647058,
      "avg_profit_loss_ratio": 4.758378153727684,
      "charter_compliance_rate": 100.0
    },
    {
      "month": 6,
      "year": 3,
      "starting_capital": 282988.63947648427,
      "ending_capital": 292488.73264537525,
      "monthly_deposit": 1000.0,
      "monthly_withdrawn": 1500.01644156898,
      "gross_pnl": 10000.109610459867,
      "net_pnl": 8500.093168890888,
      "total_trades": 15,
      "winning_trades": 13,
      "losing_trades": 2,
      "win_rate": 86.66666666666667,
      "avg_profit_loss_ratio": 3.9464787894759636,
      "charter_compliance_rate": 100.0
    },
    {
      "month": 7,
      "year": 3,
      "starting_capital": 292488.73264537525,
      "ending_capital": 308435.0397215476,
      "monthly_deposit": 1000.0,
      "monthly_withdrawn": 2637.583601677459,
      "gross_pnl": 17583.890677849726,
      "net_pnl": 14946.307076172267,
      "total_trades": 23,
      "winning_trades": 19,
      "losing_trades": 4,
      "win_rate": 82.6086956521739,
      "avg_profit_loss_ratio": 4.473174527415431,
      "charter_compliance_rate": 100.0
    },
    {
      "month": 8,
      "year": 3,
      "starting_capital": 308435.0397215476,
      "ending_capital": 328798.48853607354,
      "monthly_deposit": 1000.0,
      "monthly_withdrawn": 3417.079202563422,
      "gross_pnl": 22780.52801708948,
      "net_pnl": 19363.44881452606,
      "total_trades": 28,
      "winning_trades": 25,
      "losing_trades": 3,
      "win_rate": 89.28571428571429,
      "avg_profit_loss_ratio": 4.6328229299713515,
      "charter_compliance_rate": 100.0
    },
    {
      "month": 9,
      "year": 3,
      "starting_capital": 328798.48853607354,
      "ending_capital": 347984.0098003927,
      "monthly_deposit": 1000.0,
      "monthly_withdrawn": 3209.2096348798545,
      "gross_pnl": 21394.730899199032,
      "net_pnl": 18185.521264319177,
      "total_trades": 19,
      "winning_trades": 18,
      "losing_trades": 1,
      "win_rate": 94.73684210526315,
      "avg_profit_loss_ratio": 4.705345588284218,
      "charter_compliance_rate": 100.0
    },
    {
      "month": 10,
      "year": 3,
      "starting_capital": 347984.0098003927,
      "ending_capital": 368004.7255978019,
      "monthly_deposit": 1000.0,
      "monthly_withdrawn": 3356.596905425132,
      "gross_pnl": 22377.312702834213,
      "net_pnl": 19020.71579740908,
      "total_trades": 21,
      "winning_trades": 20,
      "losing_trades": 1,
      "win_rate": 95.23809523809523,
      "avg_profit_loss_ratio": 4.427475211809283,
      "charter_compliance_rate": 100.0
    },
    {
      "month": 11,
      "year": 3,
      "starting_capital": 368004.7255978019,
      "ending_capital": 387464.58817479084,
      "monthly_deposit": 1000.0,
      "monthly_withdrawn": 3257.6228077039214,
      "gross_pnl": 21717.48538469281,
      "net_pnl": 18459.86257698889,
      "total_trades": 21,
      "winning_trades": 20,
      "losing_trades": 1,
      "win_rate": 95.23809523809523,
      "avg_profit_loss_ratio": 4.663719030137605,
      "charter_compliance_rate": 100.0
    },
    {
      "month": 12,
      "year": 3,
      "starting_capital": 387464.58817479084,
      "ending_capital": 403709.3789337089,
      "monthly_deposit": 1000.0,
      "monthly_withdrawn": 2690.2571927502436,
      "gross_pnl": 17935.04795166829,
      "net_pnl": 15244.790758918047,
      "total_trades": 18,
      "winning_trades": 14,
      "losing_trades": 4,
      "win_rate": 77.77777777777779,
      "avg_profit_loss_ratio": 4.465294179294711,
      "charter_compliance_rate": 100.0
    },
    {
      "month": 1,
      "year": 4,
      "starting_capital": 403709.3789337089,
      "ending_capital": 429545.35465851816,
      "monthly_deposit": 1000.0,
      "monthly_withdrawn": 4382.819245554583,
      "gross_pnl": 29218.79497036389,
      "net_pnl": 24835.97572480931,
      "total_trades": 29,
      "winning_trades": 25,
      "losing_trades": 4,
      "win_rate": 86.20689655172413,
      "avg_profit_loss_ratio": 4.315797239863252,
      "charter_compliance_rate": 100.0
    },
    {
      "month": 2,
      "year": 4,
      "starting_capital": 429545.35465851816,
      "ending_capital": 451587.66661171365,
      "monthly_deposit": 1000.0,
      "monthly_withdrawn": 3713.349168210969,
      "gross_pnl": 24755.66112140646,
      "net_pnl": 21042.311953195494,
      "total_trades": 22,
      "winning_trades": 19,
      "losing_trades": 3,
      "win_rate": 86.36363636363636,
      "avg_profit_loss_ratio": 4.678391562212381,
      "charter_compliance_rate": 100.0
    },
    {
      "month": 3,
      "year": 4,
      "starting_capital": 451587.66661171365,
      "ending_capital": 473095.25447448826,
      "monthly_deposit": 1000.0,
      "monthly_withdrawn": 3618.9860934308113,
      "gross_pnl": 24126.573956205408,
      "net_pnl": 20507.587862774595,
      "total_trades": 28,
      "winning_trades": 23,
      "losing_trades": 5,
      "win_rate": 82.14285714285714,
      "avg_profit_loss_ratio": 4.211160765168201,
      "charter_compliance_rate": 100.0
    },
    {
      "month": 4,
      "year": 4,
      "starting_capital": 473095.25447448826,
      "ending_capital": 505454.74292983726,
      "monthly_deposit": 1000.0,
      "monthly_withdrawn": 5534.0273744733495,
      "gross_pnl": 36893.51582982233,
      "net_pnl": 31359.488455348983,
      "total_trades": 27,
      "winning_trades": 24,
      "losing_trades": 3,
      "win_rate": 88.88888888888889,
      "avg_profit_loss_ratio": 4.525747424704532,
      "charter_compliance_rate": 100.0
    },
    {
      "month": 5,
      "year": 4,
      "starting_capital": 505454.74292983726,
      "ending_capital": 530476.105410108,
      "monthly_deposit": 1000.0,
      "monthly_withdrawn": 4239.0639671066165,
      "gross_pnl": 28260.426447377446,
      "net_pnl": 24021.36248027083,
      "total_trades": 25,
      "winning_trades": 21,
      "losing_trades": 4,
      "win_rate": 84.0,
      "avg_profit_loss_ratio": 4.558802770800334,
      "charter_compliance_rate": 100.0
    },
    {
      "month": 6,
      "year": 4,
      "starting_capital": 530476.105410108,
      "ending_capital": 553867.3420207282,
      "monthly_deposit": 1000.0,
      "monthly_withdrawn": 3951.394695991841,
      "gross_pnl": 26342.631306612275,
      "net_pnl": 22391.236610620435,
      "total_trades": 19,
      "winning_trades": 15,
      "losing_trades": 4,
      "win_rate": 78.94736842105263,
      "avg_profit_loss_ratio": 4.623383751871387,
      "charter_compliance_rate": 100.0
    },
    {
      "month": 7,
      "year": 4,
      "starting_capital": 553867.3420207282,
      "ending_capital": 587375.906078691,
      "monthly_deposit": 1000.0,
      "monthly_withdrawn": 5736.805421993448,
      "gross_pnl": 38245.36947995632,
      "net_pnl": 32508.564057962874,
      "total_trades": 22,
      "winning_trades": 22,
      "losing_trades": 0,
      "win_rate": 100.0,
      "avg_profit_loss_ratio": 4.3079862689135044,
      "charter_compliance_rate": 100.0
    },
    {
      "month": 8,
      "year": 4,
      "starting_capital": 587375.906078691,
      "ending_capital": 626381.6913989525,
      "monthly_deposit": 1000.0,
      "monthly_withdrawn": 6706.903291810823,
      "gross_pnl": 44712.688612072154,
      "net_pnl": 38005.78532026133,
      "total_trades": 30,
      "winning_trades": 23,
      "losing_trades": 7,
      "win_rate": 76.66666666666667,
      "avg_profit_loss_ratio": 4.466995058248799,
      "charter_compliance_rate": 100.0
    },
    {
      "month": 9,
      "year": 4,
      "starting_capital": 626381.6913989525,
      "ending_capital": 656141.830375181,
      "monthly_deposit": 1000.0,
      "monthly_withdrawn": 5075.318642863819,
      "gross_pnl": 33835.45761909213,
      "net_pnl": 28760.13897622831,
      "total_trades": 24,
      "winning_trades": 19,
      "losing_trades": 5,
      "win_rate": 79.16666666666666,
      "avg_profit_loss_ratio": 4.4423357254370055,
      "charter_compliance_rate": 100.0
    },
    {
      "month": 10,
      "year": 4,
      "starting_capital": 656141.830375181,
      "ending_capital": 700519.9391317901,
      "monthly_deposit": 1000.0,
      "monthly_withdrawn": 7654.960368813356,
      "gross_pnl": 51033.06912542237,
      "net_pnl": 43378.108756609014,
      "total_trades": 30,
      "winning_trades": 28,
      "losing_trades": 2,
      "win_rate": 93.33333333333333,
      "avg_profit_loss_ratio": 4.306716505806679,
      "charter_compliance_rate": 100.0
    },
    {
      "month": 11,
      "year": 4,
      "starting_capital": 700519.9391317901,
      "ending_capital": 721331.2899207217,
      "monthly_deposit": 1000.0,
      "monthly_withdrawn": 3496.120727458479,
      "gross_pnl": 23307.47151638986,
      "net_pnl": 19811.350788931384,
      "total_trades": 16,
      "winning_trades": 12,
      "losing_trades": 4,
      "win_rate": 75.0,
      "avg_profit_loss_ratio": 4.467991881714653,
      "charter_compliance_rate": 100.0
    },
    {
      "month": 12,
      "year": 4,
      "starting_capital": 721331.2899207217,
      "ending_capital": 740286.9628071017,
      "monthly_deposit": 1000.0,
      "monthly_withdrawn": 3168.64815641998,
      "gross_pnl": 21124.321042799867,
      "net_pnl": 17955.67288637989,
      "total_trades": 16,
      "winning_trades": 10,
      "losing_trades": 6,
      "win_rate": 62.5,
      "avg_profit_loss_ratio": 4.3633467052548,
      "charter_compliance_rate": 100.0
    },
    {
      "month": 1,
      "year": 5,
      "starting_capital": 740286.9628071017,
      "ending_capital": 778276.8328094928,
      "monthly_deposit": 1000.0,
      "monthly_withdrawn": 6527.6241180689885,
      "gross_pnl": 43517.49412045992,
      "net_pnl": 36989.87000239093,
      "total_trades": 22,
      "winning_trades": 20,
      "losing_trades": 2,
      "win_rate": 90.9090909090909,
      "avg_profit_loss_ratio": 4.467985980115359,
      "charter_compliance_rate": 100.0
    },
    {
      "month": 2,
      "year": 5,
      "starting_capital": 778276.8328094928,
      "ending_capital": 824211.216744264,
      "monthly_deposit": 1000.0,
      "monthly_withdrawn": 7929.597164959587,
      "gross_pnl": 52863.98109973058,
      "net_pnl": 44934.383934770995,
      "total_trades": 27,
      "winning_trades": 21,
      "losing_trades": 6,
      "win_rate": 77.77777777777779,
      "avg_profit_loss_ratio": 4.585016765831541,
      "charter_compliance_rate": 100.0
    },
    {
      "month": 3,
      "year": 5,
      "starting_capital": 824211.216744264,
      "ending_capital": 853167.0806844066,
      "monthly_deposit": 1000.0,
      "monthly_withdrawn": 4933.387754142847,
      "gross_pnl": 32889.25169428565,
      "net_pnl": 27955.863940142804,
      "total_trades": 18,
      "winning_trades": 16,
      "losing_trades": 2,
      "win_rate": 88.88888888888889,
      "avg_profit_loss_ratio": 4.243705045569595,
      "charter_compliance_rate": 100.0
    },
    {
      "month": 4,
      "year": 5,
      "starting_capital": 853167.0806844066,
      "ending_capital": 892503.8878655388,
      "monthly_deposit": 1000.0,
      "monthly_withdrawn": 6765.318914317478,
      "gross_pnl": 45102.12609544985,
      "net_pnl": 38336.807181132375,
      "total_trades": 21,
      "winning_trades": 18,
      "losing_trades": 3,
      "win_rate": 85.71428571428571,
      "avg_profit_loss_ratio": 4.362337395083554,
      "charter_compliance_rate": 100.0
    },
    {
      "month": 5,
      "year": 5,
      "starting_capital": 892503.8878655388,
      "ending_capital": 932837.2056758662,
      "monthly_deposit": 1000.0,
      "monthly_withdrawn": 6941.1737312342875,
      "gross_pnl": 46274.49154156192,
      "net_pnl": 39333.31781032763,
      "total_trades": 20,
      "winning_trades": 16,
      "losing_trades": 4,
      "win_rate": 80.0,
      "avg_profit_loss_ratio": 4.945241863854286,
      "charter_compliance_rate": 100.0
    },
    {
      "month": 6,
      "year": 5,
      "starting_capital": 932837.2056758662,
      "ending_capital": 963379.5767699002,
      "monthly_deposit": 1000.0,
      "monthly_withdrawn": 5213.359604829528,
      "gross_pnl": 34755.73069886352,
      "net_pnl": 29542.371094033988,
      "total_trades": 16,
      "winning_trades": 13,
      "losing_trades": 3,
      "win_rate": 81.25,
      "avg_profit_loss_ratio": 4.2978257999129195,
      "charter_compliance_rate": 100.0
    },
    {
      "month": 7,
      "year": 5,
      "starting_capital": 963379.5767699002,
      "ending_capital": 1022076.2703323326,
      "monthly_deposit": 1000.0,
      "monthly_withdrawn": 10181.769452193985,
      "gross_pnl": 67878.46301462657,
      "net_pnl": 57696.693562432585,
      "total_trades": 30,
      "winning_trades": 23,
      "losing_trades": 7,
      "win_rate": 76.66666666666667,
      "avg_profit_loss_ratio": 4.484412122914837,
      "charter_compliance_rate": 100.0
    },
    {
      "month": 8,
      "year": 5,
      "starting_capital": 1022076.2703323326,
      "ending_capital": 1075992.3032895217,
      "monthly_deposit": 1000.0,
      "monthly_withdrawn": 9338.123463033347,
      "gross_pnl": 62254.15642022232,
      "net_pnl": 52916.032957188974,
      "total_trades": 30,
      "winning_trades": 22,
      "losing_trades": 8,
      "win_rate": 73.33333333333333,
      "avg_profit_loss_ratio": 4.341821932906781,
      "charter_compliance_rate": 100.0
    },
    {
      "month": 9,
      "year": 5,
      "starting_capital": 1075992.3032895217,
      "ending_capital": 1111440.5245901998,
      "monthly_deposit": 1000.0,
      "monthly_withdrawn": 6079.097876590262,
      "gross_pnl": 40527.319177268415,
      "net_pnl": 34448.22130067815,
      "total_trades": 16,
      "winning_trades": 14,
      "losing_trades": 2,
      "win_rate": 87.5,
      "avg_profit_loss_ratio": 4.337751231735494,
      "charter_compliance_rate": 100.0
    },
    {
      "month": 10,
      "year": 5,
      "starting_capital": 1111440.5245901998,
      "ending_capital": 1165167.3014245878,
      "monthly_deposit": 1000.0,
      "monthly_withdrawn": 9304.725323715564,
      "gross_pnl": 62031.50215810376,
      "net_pnl": 52726.77683438819,
      "total_trades": 22,
      "winning_trades": 18,
      "losing_trades": 4,
      "win_rate": 81.81818181818183,
      "avg_profit_loss_ratio": 4.642166934667586,
      "charter_compliance_rate": 100.0
    },
    {
      "month": 11,
      "year": 5,
      "starting_capital": 1165167.3014245878,
      "ending_capital": 1236781.4649650492,
      "monthly_deposit": 1000.0,
      "monthly_withdrawn": 12461.322977728554,
      "gross_pnl": 83075.48651819036,
      "net_pnl": 70614.1635404618,
      "total_trades": 28,
      "winning_trades": 23,
      "losing_trades": 5,
      "win_rate": 82.14285714285714,
      "avg_profit_loss_ratio": 4.70374875764571,
      "charter_compliance_rate": 100.0
    },
    {
      "month": 12,
      "year": 5,
      "starting_capital": 1236781.4649650492,
      "ending_capital": 1285659.4999020244,
      "monthly_deposit": 1000.0,
      "monthly_withdrawn": 8449.0649888779,
      "gross_pnl": 56327.09992585267,
      "net_pnl": 47878.03493697477,
      "total_trades": 22,
      "winning_trades": 15,
      "losing_trades": 7,
      "win_rate": 68.18181818181817,
      "avg_profit_loss_ratio": 4.731213746751764,
      "charter_compliance_rate": 100.0
    },
    {
      "month": 1,
      "year": 6,
      "starting_capital": 1285659.4999020244,
      "ending_capital": 1353866.1646666527,
      "monthly_deposit": 1000.0,
      "monthly_withdrawn": 11859.99966434615,
      "gross_pnl": 79066.66442897434,
      "net_pnl": 67206.66476462819,
      "total_trades": 27,
      "winning_trades": 19,
      "losing_trades": 8,
      "win_rate": 70.37037037037037,
      "avg_profit_loss_ratio": 4.7582099921424925,
      "charter_compliance_rate": 100.0
    },
    {
      "month": 2,
      "year": 6,
      "starting_capital": 1353866.1646666527,
      "ending_capital": 1412412.7963317973,
      "monthly_deposit": 1000.0,
      "monthly_withdrawn": 10155.287940907923,
      "gross_pnl": 67701.91960605282,
      "net_pnl": 57546.631665144894,
      "total_trades": 21,
      "winning_trades": 18,
      "losing_trades": 3,
      "win_rate": 85.71428571428571,
      "avg_profit_loss_ratio": 4.566148781768332,
      "charter_compliance_rate": 100.0
    },
    {
      "month": 3,
      "year": 6,
      "starting_capital": 1412412.7963317973,
      "ending_capital": 1469430.2009197783,
      "monthly_deposit": 1000.0,
      "monthly_withdrawn": 9885.42433905556,
      "gross_pnl": 65902.82892703707,
      "net_pnl": 56017.40458798151,
      "total_trades": 21,
      "winning_trades": 18,
      "losing_trades": 3,
      "win_rate": 85.71428571428571,
      "avg_profit_loss_ratio": 4.230507095614938,
      "charter_compliance_rate": 100.0
    },
    {
      "month": 4,
      "year": 6,
      "starting_capital": 1469430.2009197783,
      "ending_capital": 1550298.3090991904,
      "monthly_deposit": 1000.0,
      "monthly_withdrawn": 14094.372031660914,
      "gross_pnl": 93962.48021107276,
      "net_pnl": 79868.10817941185,
      "total_trades": 24,
      "winning_trades": 22,
      "losing_trades": 2,
      "win_rate": 91.66666666666666,
      "avg_profit_loss_ratio": 4.270047021811762,
      "charter_compliance_rate": 100.0
    },
    {
      "month": 5,
      "year": 6,
      "starting_capital": 1550298.3090991904,
      "ending_capital": 1598897.1972929733,
      "monthly_deposit": 1000.0,
      "monthly_withdrawn": 8399.803798902796,
      "gross_pnl": 55998.69199268531,
      "net_pnl": 47598.88819378251,
      "total_trades": 15,
      "winning_trades": 13,
      "losing_trades": 2,
      "win_rate": 86.66666666666667,
      "avg_profit_loss_ratio": 4.188585045821339,
      "charter_compliance_rate": 100.0
    },
    {
      "month": 6,
      "year": 6,
      "starting_capital": 1598897.1972929733,
      "ending_capital": 1664272.0049486323,
      "monthly_deposit": 1000.0,
      "monthly_withdrawn": 11360.260174528166,
      "gross_pnl": 75735.06783018778,
      "net_pnl": 64374.80765565961,
      "total_trades": 23,
      "winning_trades": 18,
      "losing_trades": 5,
      "win_rate": 78.26086956521739,
      "avg_profit_loss_ratio": 4.408847145741795,
      "charter_compliance_rate": 100.0
    },
    {
      "month": 7,
      "year": 6,
      "starting_capital": 1664272.0049486323,
      "ending_capital": 1779393.3741364758,
      "monthly_deposit": 1000.0,
      "monthly_withdrawn": 20139.065150795945,
      "gross_pnl": 134260.43433863964,
      "net_pnl": 114121.3691878437,
      "total_trades": 28,
      "winning_trades": 23,
      "losing_trades": 5,
      "win_rate": 82.14285714285714,
      "avg_profit_loss_ratio": 4.9737510779535015,
      "charter_compliance_rate": 100.0
    },
    {
      "month": 8,
      "year": 6,
      "starting_capital": 1779393.3741364758,
      "ending_capital": 1847104.0925963027,
      "monthly_deposit": 1000.0,
      "monthly_withdrawn": 11772.479728204804,
      "gross_pnl": 78483.19818803202,
      "net_pnl": 66710.71845982721,
      "total_trades": 16,
      "winning_trades": 15,
      "losing_trades": 1,
      "win_rate": 93.75,
      "avg_profit_loss_ratio": 4.32720676484332,
      "charter_compliance_rate": 100.0
    },
    {
      "month": 9,
      "year": 6,
      "starting_capital": 1847104.0925963027,
      "ending_capital": 1922027.1668605849,
      "monthly_deposit": 1000.0,
      "monthly_withdrawn": 13045.248399579137,
      "gross_pnl": 86968.32266386092,
      "net_pnl": 73923.07426428178,
      "total_trades": 19,
      "winning_trades": 16,
      "losing_trades": 3,
      "win_rate": 84.21052631578947,
      "avg_profit_loss_ratio": 4.476548239039831,
      "charter_compliance_rate": 100.0
    },
    {
      "month": 10,
      "year": 6,
      "starting_capital": 1922027.1668605849,
      "ending_capital": 1999166.392721831,
      "monthly_deposit": 1000.0,
      "monthly_withdrawn": 13436.3339755141,
      "gross_pnl": 89575.55983676067,
      "net_pnl": 76139.22586124657,
      "total_trades": 17,
      "winning_trades": 14,
      "losing_trades": 3,
      "win_rate": 82.35294117647058,
      "avg_profit_loss_ratio": 4.733767676959998,
      "charter_compliance_rate": 100.0
    },
    {
      "month": 11,
      "year": 6,
      "starting_capital": 1999166.392721831,
      "ending_capital": 2144099.069723757,
      "monthly_deposit": 1000.0,
      "monthly_withdrawn": 25399.884176810527,
      "gross_pnl": 169332.56117873685,
      "net_pnl": 143932.67700192632,
      "total_trades": 27,
      "winning_trades": 25,
      "losing_trades": 2,
      "win_rate": 92.5925925925926,
      "avg_profit_loss_ratio": 4.484151271724551,
      "charter_compliance_rate": 100.0
    },
    {
      "month": 12,
      "year": 6,
      "starting_capital": 2144099.069723757,
      "ending_capital": 2214791.262540084,
      "monthly_deposit": 1000.0,
      "monthly_withdrawn": 12298.622261704946,
      "gross_pnl": 81990.81507803297,
      "net_pnl": 69692.19281632802,
      "total_trades": 20,
      "winning_trades": 15,
      "losing_trades": 5,
      "win_rate": 75.0,
      "avg_profit_loss_ratio": 4.915360635941914,
      "charter_compliance_rate": 100.0
    },
    {
      "month": 1,
      "year": 7,
      "starting_capital": 2214791.262540084,
      "ending_capital": 2284066.1054318533,
      "monthly_deposit": 1000.0,
      "monthly_withdrawn": 12048.501686782894,
      "gross_pnl": 80323.34457855263,
      "net_pnl": 68274.84289176973,
      "total_trades": 23,
      "winning_trades": 15,
      "losing_trades": 8,
      "win_rate": 65.21739130434783,
      "avg_profit_loss_ratio": 4.405126745849873,
      "charter_compliance_rate": 100.0
    },
    {
      "month": 2,
      "year": 7,
      "starting_capital": 2284066.1054318533,
      "ending_capital": 2410470.6330017964,
      "monthly_deposit": 1000.0,
      "monthly_withdrawn": 22130.21074763696,
      "gross_pnl": 147534.73831757973,
      "net_pnl": 125404.52756994277,
      "total_trades": 25,
      "winning_trades": 20,
      "losing_trades": 5,
      "win_rate": 80.0,
      "avg_profit_loss_ratio": 4.540394745140009,
      "charter_compliance_rate": 100.0
    },
    {
      "month": 3,
      "year": 7,
      "starting_capital": 2410470.6330017964,
      "ending_capital": 2544477.229569314,
      "monthly_deposit": 1000.0,
      "monthly_withdrawn": 23471.752335444067,
      "gross_pnl": 156478.34890296045,
      "net_pnl": 133006.5965675164,
      "total_trades": 23,
      "winning_trades": 20,
      "losing_trades": 3,
      "win_rate": 86.95652173913044,
      "avg_profit_loss_ratio": 4.913135220464162,
      "charter_compliance_rate": 100.0
    },
    {
      "month": 4,
      "year": 7,
      "starting_capital": 2544477.229569314,
      "ending_capital": 2687303.940753663,
      "monthly_deposit": 1000.0,
      "monthly_withdrawn": 25028.243150178994,
      "gross_pnl": 166854.95433452664,
      "net_pnl": 141826.71118434766,
      "total_trades": 27,
      "winning_trades": 24,
      "losing_trades": 3,
      "win_rate": 88.88888888888889,
      "avg_profit_loss_ratio": 4.112061899705849,
      "charter_compliance_rate": 100.0
    },
    {
      "month": 5,
      "year": 7,
      "starting_capital": 2687303.940753663,
      "ending_capital": 2829064.0651382874,
      "monthly_deposit": 1000.0,
      "monthly_withdrawn": 24840.02195022789,
      "gross_pnl": 165600.1463348526,
      "net_pnl": 140760.1243846247,
      "total_trades": 23,
      "winning_trades": 20,
      "losing_trades": 3,
      "win_rate": 86.95652173913044,
      "avg_profit_loss_ratio": 4.642599974915128,
      "charter_compliance_rate": 100.0
    },
    {
      "month": 6,
      "year": 7,
      "starting_capital": 2829064.0651382874,
      "ending_capital": 2984766.981991898,
      "monthly_deposit": 1000.0,
      "monthly_withdrawn": 27300.514738872265,
      "gross_pnl": 182003.43159248176,
      "net_pnl": 154702.9168536095,
      "total_trades": 26,
      "winning_trades": 20,
      "losing_trades": 6,
      "win_rate": 76.92307692307693,
      "avg_profit_loss_ratio": 4.617512004564535,
      "charter_compliance_rate": 100.0
    },
    {
      "month": 7,
      "year": 7,
      "starting_capital": 2984766.981991898,
      "ending_capital": 3176524.1656132913,
      "monthly_deposit": 1000.0,
      "monthly_withdrawn": 33663.032403775316,
      "gross_pnl": 224420.21602516877,
      "net_pnl": 190757.18362139346,
      "total_trades": 24,
      "winning_trades": 23,
      "losing_trades": 1,
      "win_rate": 95.83333333333334,
      "avg_profit_loss_ratio": 4.574668049500618,
      "charter_compliance_rate": 100.0
    },
    {
      "month": 8,
      "year": 7,
      "starting_capital": 3176524.1656132913,
      "ending_capital": 3292499.166699985,
      "monthly_deposit": 1000.0,
      "monthly_withdrawn": 20289.706074122445,
      "gross_pnl": 135264.7071608163,
      "net_pnl": 114975.00108669385,
      "total_trades": 15,
      "winning_trades": 14,
      "losing_trades": 1,
      "win_rate": 93.33333333333333,
      "avg_profit_loss_ratio": 4.936623239127954,
      "charter_compliance_rate": 100.0
    },
    {
      "month": 9,
      "year": 7,
      "starting_capital": 3292499.166699985,
      "ending_capital": 3411256.4483840563,
      "monthly_deposit": 1000.0,
      "monthly_withdrawn": 20780.69676777727,
      "gross_pnl": 138537.97845184847,
      "net_pnl": 117757.2816840712,
      "total_trades": 19,
      "winning_trades": 17,
      "losing_trades": 2,
      "win_rate": 89.47368421052632,
      "avg_profit_loss_ratio": 4.2968167973706315,
      "charter_compliance_rate": 100.0
    },
    {
      "month": 10,
      "year": 7,
      "starting_capital": 3411256.4483840563,
      "ending_capital": 3621842.379467464,
      "monthly_deposit": 1000.0,
      "monthly_withdrawn": 36985.75254413072,
      "gross_pnl": 246571.68362753815,
      "net_pnl": 209585.93108340743,
      "total_trades": 26,
      "winning_trades": 25,
      "losing_trades": 1,
      "win_rate": 96.15384615384616,
      "avg_profit_loss_ratio": 4.660316773582446,
      "charter_compliance_rate": 100.0
    },
    {
      "month": 11,
      "year": 7,
      "starting_capital": 3621842.379467464,
      "ending_capital": 3732601.301329098,
      "monthly_deposit": 1000.0,
      "monthly_withdrawn": 19369.221504994362,
      "gross_pnl": 129128.14336662908,
      "net_pnl": 109758.92186163472,
      "total_trades": 15,
      "winning_trades": 12,
      "losing_trades": 3,
      "win_rate": 80.0,
      "avg_profit_loss_ratio": 4.799895304240695,
      "charter_compliance_rate": 100.0
    },
    {
      "month": 12,
      "year": 7,
      "starting_capital": 3732601.301329098,
      "ending_capital": 3855243.72235208,
      "monthly_deposit": 1000.0,
      "monthly_withdrawn": 21466.3095922909,
      "gross_pnl": 143108.73061527268,
      "net_pnl": 121642.42102298178,
      "total_trades": 18,
      "winning_trades": 15,
      "losing_trades": 3,
      "win_rate": 83.33333333333334,
      "avg_profit_loss_ratio": 4.259641045228545,
      "charter_compliance_rate": 100.0
    },
    {
      "month": 1,
      "year": 8,
      "starting_capital": 3855243.72235208,
      "ending_capital": 4091679.05821396,
      "monthly_deposit": 1000.0,
      "monthly_withdrawn": 41547.41221091985,
      "gross_pnl": 276982.748072799,
      "net_pnl": 235435.33586187917,
      "total_trades": 26,
      "winning_trades": 23,
      "losing_trades": 3,
      "win_rate": 88.46153846153845,
      "avg_profit_loss_ratio": 4.534037733913842,
      "charter_compliance_rate": 100.0
    },
    {
      "month": 2,
      "year": 8,
      "starting_capital": 4091679.05821396,
      "ending_capital": 4332800.464743143,
      "monthly_deposit": 1000.0,
      "monthly_withdrawn": 42374.365858091194,
      "gross_pnl": 282495.77238727466,
      "net_pnl": 240121.40652918347,
      "total_trades": 23,
      "winning_trades": 21,
      "losing_trades": 2,
      "win_rate": 91.30434782608695,
      "avg_profit_loss_ratio": 4.4605978986598105,
      "charter_compliance_rate": 100.0
    },
    {
      "month": 3,
      "year": 8,
      "starting_capital": 4332800.464743143,
      "ending_capital": 4534148.445172392,
      "monthly_deposit": 1000.0,
      "monthly_withdrawn": 35355.525958103055,
      "gross_pnl": 235703.50638735373,
      "net_pnl": 200347.9804292507,
      "total_trades": 26,
      "winning_trades": 20,
      "losing_trades": 6,
      "win_rate": 76.92307692307693,
      "avg_profit_loss_ratio": 4.2143272077379645,
      "charter_compliance_rate": 100.0
    },
    {
      "month": 4,
      "year": 8,
      "starting_capital": 4534148.445172392,
      "ending_capital": 4721957.427217997,
      "monthly_deposit": 1000.0,
      "monthly_withdrawn": 32966.29094922426,
      "gross_pnl": 219775.2729948284,
      "net_pnl": 186808.98204560415,
      "total_trades": 20,
      "winning_trades": 18,
      "losing_trades": 2,
      "win_rate": 90.0,
      "avg_profit_loss_ratio": 4.432665263618333,
      "charter_compliance_rate": 100.0
    },
    {
      "month": 5,
      "year": 8,
      "starting_capital": 4721957.427217997,
      "ending_capital": 5029440.519715515,
      "monthly_deposit": 1000.0,
      "monthly_withdrawn": 54085.2516172098,
      "gross_pnl": 360568.344114732,
      "net_pnl": 306483.0924975222,
      "total_trades": 29,
      "winning_trades": 23,
      "losing_trades": 6,
      "win_rate": 79.3103448275862,
      "avg_profit_loss_ratio": 4.810266773799126,
      "charter_compliance_rate": 100.0
    },
    {
      "month": 6,
      "year": 8,
      "starting_capital": 5029440.519715515,
      "ending_capital": 5235053.512040431,
      "monthly_deposit": 1000.0,
      "monthly_withdrawn": 36108.175116161954,
      "gross_pnl": 240721.16744107968,
      "net_pnl": 204612.99232491772,
      "total_trades": 18,
      "winning_trades": 17,
      "losing_trades": 1,
      "win_rate": 94.44444444444444,
      "avg_profit_loss_ratio": 4.18781808548663,
      "charter_compliance_rate": 100.0
    },
    {
      "month": 7,
      "year": 8,
      "starting_capital": 5235053.512040431,
      "ending_capital": 5482668.666792814,
      "monthly_deposit": 1000.0,
      "monthly_withdrawn": 43520.32142689113,
      "gross_pnl": 290135.4761792742,
      "net_pnl": 246615.15475238307,
      "total_trades": 26,
      "winning_trades": 23,
      "losing_trades": 3,
      "win_rate": 88.46153846153845,
      "avg_profit_loss_ratio": 4.155579215955633,
      "charter_compliance_rate": 100.0
    },
    {
      "month": 8,
      "year": 8,
      "starting_capital": 5482668.666792814,
      "ending_capital": 5735736.1444999855,
      "monthly_deposit": 1000.0,
      "monthly_withdrawn": 44482.49606597132,
      "gross_pnl": 296549.97377314215,
      "net_pnl": 252067.47770717082,
      "total_trades": 21,
      "winning_trades": 18,
      "losing_trades": 3,
      "win_rate": 85.71428571428571,
      "avg_profit_loss_ratio": 4.16174378760515,
      "charter_compliance_rate": 100.0
    },
    {
      "month": 9,
      "year": 8,
      "starting_capital": 5735736.1444999855,
      "ending_capital": 6026236.326456436,
      "monthly_deposit": 1000.0,
      "monthly_withdrawn": 51088.267404079525,
      "gross_pnl": 340588.4493605302,
      "net_pnl": 289500.1819564507,
      "total_trades": 26,
      "winning_trades": 20,
      "losing_trades": 6,
      "win_rate": 76.92307692307693,
      "avg_profit_loss_ratio": 4.5752383817283935,
      "charter_compliance_rate": 100.0
    },
    {
      "month": 10,
      "year": 8,
      "starting_capital": 6026236.326456436,
      "ending_capital": 6230282.538094088,
      "monthly_deposit": 1000.0,
      "monthly_withdrawn": 35831.68440664465,
      "gross_pnl": 238877.8960442977,
      "net_pnl": 203046.21163765306,
      "total_trades": 20,
      "winning_trades": 14,
      "losing_trades": 6,
      "win_rate": 70.0,
      "avg_profit_loss_ratio": 4.8317085282765015,
      "charter_compliance_rate": 100.0
    },
    {
      "month": 11,
      "year": 8,
      "starting_capital": 6230282.538094088,
      "ending_capital": 6504791.727171637,
      "monthly_deposit": 1000.0,
      "monthly_withdrawn": 48266.32748427319,
      "gross_pnl": 321775.5165618213,
      "net_pnl": 273509.1890775481,
      "total_trades": 22,
      "winning_trades": 20,
      "losing_trades": 2,
      "win_rate": 90.9090909090909,
      "avg_profit_loss_ratio": 4.552852943571601,
      "charter_compliance_rate": 100.0
    },
    {
      "month": 12,
      "year": 8,
      "starting_capital": 6504791.727171637,
      "ending_capital": 6930181.501675642,
      "monthly_deposit": 1000.0,
      "monthly_withdrawn": 74892.3131477655,
      "gross_pnl": 499282.08765177004,
      "net_pnl": 424389.7745040045,
      "total_trades": 29,
      "winning_trades": 23,
      "losing_trades": 6,
      "win_rate": 79.3103448275862,
      "avg_profit_loss_ratio": 4.6899618316431395,
      "charter_compliance_rate": 100.0
    },
    {
      "month": 1,
      "year": 9,
      "starting_capital": 6930181.501675642,
      "ending_capital": 7107575.930115746,
      "monthly_deposit": 1000.0,
      "monthly_withdrawn": 31128.428548253552,
      "gross_pnl": 207522.85698835703,
      "net_pnl": 176394.42844010348,
      "total_trades": 17,
      "winning_trades": 13,
      "losing_trades": 4,
      "win_rate": 76.47058823529412,
      "avg_profit_loss_ratio": 4.137437431024983,
      "charter_compliance_rate": 100.0
    },
    {
      "month": 2,
      "year": 9,
      "starting_capital": 7107575.930115746,
      "ending_capital": 7512519.90523422,
      "monthly_deposit": 1000.0,
      "monthly_withdrawn": 71284.23090326038,
      "gross_pnl": 475228.20602173585,
      "net_pnl": 403943.9751184755,
      "total_trades": 24,
      "winning_trades": 23,
      "losing_trades": 1,
      "win_rate": 95.83333333333334,
      "avg_profit_loss_ratio": 4.1636789049200695,
      "charter_compliance_rate": 100.0
    },
    {
      "month": 3,
      "year": 9,
      "starting_capital": 7512519.90523422,
      "ending_capital": 7755545.476334911,
      "monthly_deposit": 1000.0,
      "monthly_withdrawn": 42710.39490012154,
      "gross_pnl": 284735.96600081027,
      "net_pnl": 242025.5711006887,
      "total_trades": 15,
      "winning_trades": 12,
      "losing_trades": 3,
      "win_rate": 80.0,
      "avg_profit_loss_ratio": 4.315549353451263,
      "charter_compliance_rate": 100.0
    },
    {
      "month": 4,
      "year": 9,
      "starting_capital": 7755545.476334911,
      "ending_capital": 8128447.559444507,
      "monthly_deposit": 1000.0,
      "monthly_withdrawn": 65629.77937228169,
      "gross_pnl": 437531.8624818779,
      "net_pnl": 371902.0831095962,
      "total_trades": 23,
      "winning_trades": 20,
      "losing_trades": 3,
      "win_rate": 86.95652173913044,
      "avg_profit_loss_ratio": 4.732713108139189,
      "charter_compliance_rate": 100.0
    },
    {
      "month": 5,
      "year": 9,
      "starting_capital": 8128447.559444507,
      "ending_capital": 8416576.980989508,
      "monthly_deposit": 1000.0,
      "monthly_withdrawn": 50669.89791970592,
      "gross_pnl": 337799.3194647062,
      "net_pnl": 287129.4215450003,
      "total_trades": 21,
      "winning_trades": 15,
      "losing_trades": 6,
      "win_rate": 71.42857142857143,
      "avg_profit_loss_ratio": 4.4350683631360885,
      "charter_compliance_rate": 100.0
    },
    {
      "month": 6,
      "year": 9,
      "starting_capital": 8416576.980989508,
      "ending_capital": 8748792.825649545,
      "monthly_deposit": 1000.0,
      "monthly_withdrawn": 58449.85494000694,
      "gross_pnl": 389665.69960004627,
      "net_pnl": 331215.84466003935,
      "total_trades": 18,
      "winning_trades": 16,
      "losing_trades": 2,
      "win_rate": 88.88888888888889,
      "avg_profit_loss_ratio": 4.306214271086315,
      "charter_compliance_rate": 100.0
    },
    {
      "month": 7,
      "year": 9,
      "starting_capital": 8748792.825649545,
      "ending_capital": 8970679.756213004,
      "monthly_deposit": 1000.0,
      "monthly_withdrawn": 38980.04657002236,
      "gross_pnl": 259866.97713348237,
      "net_pnl": 220886.93056346002,
      "total_trades": 15,
      "winning_trades": 11,
      "losing_trades": 4,
      "win_rate": 73.33333333333333,
      "avg_profit_loss_ratio": 4.510490596359496,
      "charter_compliance_rate": 100.0
    },
    {
      "month": 8,
      "year": 9,
      "starting_capital": 8970679.756213004,
      "ending_capital": 9360081.656740785,
      "monthly_deposit": 1000.0,
      "monthly_withdrawn": 68541.5118578442,
      "gross_pnl": 456943.41238562803,
      "net_pnl": 388401.90052778384,
      "total_trades": 21,
      "winning_trades": 17,
      "losing_trades": 4,
      "win_rate": 80.95238095238095,
      "avg_profit_loss_ratio": 4.158059964927103,
      "charter_compliance_rate": 100.0
    },
    {
      "month": 9,
      "year": 9,
      "starting_capital": 9360081.656740785,
      "ending_capital": 9584531.5607124,
      "monthly_deposit": 1000.0,
      "monthly_withdrawn": 39432.33599499173,
      "gross_pnl": 262882.23996661155,
      "net_pnl": 223449.90397161982,
      "total_trades": 15,
      "winning_trades": 11,
      "losing_trades": 4,
      "win_rate": 73.33333333333333,
      "avg_profit_loss_ratio": 4.49944125746409,
      "charter_compliance_rate": 100.0
    },
    {
      "month": 10,
      "year": 9,
      "starting_capital": 9584531.5607124,
      "ending_capital": 9912120.460750349,
      "monthly_deposit": 1000.0,
      "monthly_withdrawn": 57633.33530081438,
      "gross_pnl": 384222.2353387626,
      "net_pnl": 326588.9000379482,
      "total_trades": 21,
      "winning_trades": 14,
      "losing_trades": 7,
      "win_rate": 66.66666666666666,
      "avg_profit_loss_ratio": 4.697022748956885,
      "charter_compliance_rate": 100.0
    },
    {
      "month": 11,
      "year": 9,
      "starting_capital": 9912120.460750349,
      "ending_capital": 10514934.379203772,
      "monthly_deposit": 1000.0,
      "monthly_withdrawn": 106202.45619766331,
      "gross_pnl": 708016.3746510887,
      "net_pnl": 601813.9184534254,
      "total_trades": 25,
      "winning_trades": 21,
      "losing_trades": 4,
      "win_rate": 84.0,
      "avg_profit_loss_ratio": 4.848880626219635,
      "charter_compliance_rate": 100.0
    },
    {
      "month": 12,
      "year": 9,
      "starting_capital": 10514934.379203772,
      "ending_capital": 10909449.901443701,
      "monthly_deposit": 1000.0,
      "monthly_withdrawn": 69443.9156893992,
      "gross_pnl": 462959.437929328,
      "net_pnl": 393515.52223992883,
      "total_trades": 22,
      "winning_trades": 16,
      "losing_trades": 6,
      "win_rate": 72.72727272727273,
      "avg_profit_loss_ratio": 4.3023746473564195,
      "charter_compliance_rate": 100.0
    },
    {
      "month": 1,
      "year": 10,
      "starting_capital": 10909449.901443701,
      "ending_capital": 11277661.82346358,
      "monthly_deposit": 1000.0,
      "monthly_withdrawn": 64802.10388586085,
      "gross_pnl": 432014.02590573905,
      "net_pnl": 367211.92201987817,
      "total_trades": 18,
      "winning_trades": 14,
      "losing_trades": 4,
      "win_rate": 77.77777777777779,
      "avg_profit_loss_ratio": 4.48620939793588,
      "charter_compliance_rate": 100.0
    },
    {
      "month": 2,
      "year": 10,
      "starting_capital": 11277661.82346358,
      "ending_capital": 12091021.275541442,
      "monthly_deposit": 1000.0,
      "monthly_withdrawn": 143357.5503666814,
      "gross_pnl": 955717.0024445427,
      "net_pnl": 812359.4520778613,
      "total_trades": 29,
      "winning_trades": 29,
      "losing_trades": 0,
      "win_rate": 100.0,
      "avg_profit_loss_ratio": 4.774669104992136,
      "charter_compliance_rate": 100.0
    },
    {
      "month": 3,
      "year": 10,
      "starting_capital": 12091021.275541442,
      "ending_capital": 12860460.66226043,
      "monthly_deposit": 1000.0,
      "monthly_withdrawn": 135606.9505974688,
      "gross_pnl": 904046.3373164587,
      "net_pnl": 768439.3867189899,
      "total_trades": 30,
      "winning_trades": 25,
      "losing_trades": 5,
      "win_rate": 83.33333333333334,
      "avg_profit_loss_ratio": 4.617987501621563,
      "charter_compliance_rate": 100.0
    },
    {
      "month": 4,
      "year": 10,
      "starting_capital": 12860460.66226043,
      "ending_capital": 13531191.090141064,
      "monthly_deposit": 1000.0,
      "monthly_withdrawn": 118187.72256717089,
      "gross_pnl": 787918.150447806,
      "net_pnl": 669730.4278806351,
      "total_trades": 26,
      "winning_trades": 23,
      "losing_trades": 3,
      "win_rate": 88.46153846153845,
      "avg_profit_loss_ratio": 4.766209940917846,
      "charter_compliance_rate": 100.0
    },
    {
      "month": 5,
      "year": 10,
      "starting_capital": 13531191.090141064,
      "ending_capital": 13936306.549853107,
      "monthly_deposit": 1000.0,
      "monthly_withdrawn": 71314.4928903608,
      "gross_pnl": 475429.95260240533,
      "net_pnl": 404115.45971204457,
      "total_trades": 20,
      "winning_trades": 14,
      "losing_trades": 6,
      "win_rate": 70.0,
      "avg_profit_loss_ratio": 4.461549676742046,
      "charter_compliance_rate": 100.0
    },
    {
      "month": 6,
      "year": 10,
      "starting_capital": 13936306.549853107,
      "ending_capital": 14754640.680277372,
      "monthly_deposit": 1000.0,
      "monthly_withdrawn": 144235.43478075217,
      "gross_pnl": 961569.5652050144,
      "net_pnl": 817334.1304242623,
      "total_trades": 28,
      "winning_trades": 23,
      "losing_trades": 5,
      "win_rate": 82.14285714285714,
      "avg_profit_loss_ratio": 4.670099627666427,
      "charter_compliance_rate": 100.0
    },
    {
      "month": 7,
      "year": 10,
      "starting_capital": 14754640.680277372,
      "ending_capital": 15125386.16377651,
      "monthly_deposit": 1000.0,
      "monthly_withdrawn": 65249.20297043603,
      "gross_pnl": 434994.6864695736,
      "net_pnl": 369745.48349913757,
      "total_trades": 19,
      "winning_trades": 14,
      "losing_trades": 5,
      "win_rate": 73.68421052631578,
      "avg_profit_loss_ratio": 4.397477841484234,
      "charter_compliance_rate": 100.0
    },
    {
      "month": 8,
      "year": 10,
      "starting_capital": 15125386.16377651,
      "ending_capital": 15921023.790691406,
      "monthly_deposit": 1000.0,
      "monthly_withdrawn": 140230.1694555699,
      "gross_pnl": 934867.796370466,
      "net_pnl": 794637.6269148961,
      "total_trades": 23,
      "winning_trades": 19,
      "losing_trades": 4,
      "win_rate": 82.6086956521739,
      "avg_profit_loss_ratio": 4.418441626578869,
      "charter_compliance_rate": 100.0
    },
    {
      "month": 9,
      "year": 10,
      "starting_capital": 15921023.790691406,
      "ending_capital": 16334104.195104247,
      "monthly_deposit": 1000.0,
      "monthly_withdrawn": 72720.07136697197,
      "gross_pnl": 484800.4757798132,
      "net_pnl": 412080.4044128412,
      "total_trades": 15,
      "winning_trades": 11,
      "losing_trades": 4,
      "win_rate": 73.33333333333333,
      "avg_profit_loss_ratio": 4.552569521950738,
      "charter_compliance_rate": 100.0
    },
    {
      "month": 10,
      "year": 10,
      "starting_capital": 16334104.195104247,
      "ending_capital": 16850941.870527305,
      "monthly_deposit": 1000.0,
      "monthly_withdrawn": 91030.17801583279,
      "gross_pnl": 606867.8534388853,
      "net_pnl": 515837.6754230525,
      "total_trades": 16,
      "winning_trades": 13,
      "losing_trades": 3,
      "win_rate": 81.25,
      "avg_profit_loss_ratio": 4.497812711848271,
      "charter_compliance_rate": 100.0
    },
    {
      "month": 11,
      "year": 10,
      "starting_capital": 16850941.870527305,
      "ending_capital": 17459160.806818802,
      "monthly_deposit": 1000.0,
      "monthly_withdrawn": 107156.28287496832,
      "gross_pnl": 714375.2191664556,
      "net_pnl": 607218.9362914872,
      "total_trades": 15,
      "winning_trades": 13,
      "losing_trades": 2,
      "win_rate": 86.66666666666667,
      "avg_profit_loss_ratio": 4.693384712926074,
      "charter_compliance_rate": 100.0
    },
    {
      "month": 12,
      "year": 10,
      "starting_capital": 17459160.806818802,
      "ending_capital": 18536578.19569185,
      "monthly_deposit": 1000.0,
      "monthly_withdrawn": 189956.00980112766,
      "gross_pnl": 1266373.3986741845,
      "net_pnl": 1076417.3888730567,
      "total_trades": 25,
      "winning_trades": 22,
      "losing_trades": 3,
      "win_rate": 88.0,
      "avg_profit_loss_ratio": 4.783572883259333,
      "charter_compliance_rate": 100.0
    }
  ],
  "timestamp": "2025-10-15T08:39:47.119847+00:00"
}