{
  "phase": "PHASE 14 \u2014 DYNAMIC RISK + CORRELATION MONITOR",
  "pin": 841921,
  "status": "COMPLETE",
  "completion_timestamp": "2025-09-27T04:02:17.220500+00:00",
  "components_implemented": {
    "dynamic_sizing.py": {
      "status": "OPERATIONAL",
      "description": "Kelly Criterion position sizing with volatility adjustment",
      "features": [
        "Kelly fraction calculation based on win/loss ratios",
        "Conservative scaling factor (0.25x) for safety",
        "Volatility adjustment targeting 2% daily risk",
        "Sharpe ratio integration for performance weighting",
        "Regime-specific adjustments (0.7x sideways, 0.8x bearish)",
        "Maximum 10% position size enforcement",
        "Portfolio risk level assessment (LOW/MODERATE/HIGH/EXTREME)",
        "Automatic drawdown-based parameter adjustment"
      ]
    },
    "correlation_monitor.py": {
      "status": "OPERATIONAL",
      "description": "Real-time correlation tracking and exposure control",
      "features": [
        "Real-time correlation calculation using price returns",
        "Asset grouping (FX major/minor, crypto major/alt, indices)",
        "Correlation threshold enforcement (>0.7 blocks trades)",
        "Portfolio diversification scoring",
        "Position tracking and exposure management",
        "Warning system for correlation risk (>0.5 threshold)",
        "Persistent correlation data storage",
        "Portfolio correlation risk analysis"
      ]
    },
    "risk_control_center.py": {
      "status": "OPERATIONAL",
      "description": "Integrated risk management orchestration system",
      "features": [
        "Kelly + Correlation unified position sizing",
        "Pre-trade risk assessment workflow",
        "Position execution and tracking integration",
        "Comprehensive risk reporting",
        "Portfolio exposure limit enforcement (80% max)",
        "Multi-system coordination (Kelly + Correlation)",
        "Real-time risk warnings and blocking",
        "Complete audit trail and logging"
      ]
    }
  },
  "risk_parameters": {
    "max_position_size": "10% (absolute hard limit)",
    "portfolio_max_exposure": "80% (total portfolio)",
    "correlation_block_threshold": "70% (prevents correlated trades)",
    "correlation_warning_threshold": "50% (triggers warnings)",
    "kelly_conservative_factor": "0.25 (safety scaling)",
    "volatility_target": "2% daily risk",
    "min_data_points": "20 (for reliable correlation)",
    "lookback_period": "30 days (correlation calculation)"
  },
  "mathematical_foundations": {
    "kelly_criterion": "f* = (bp - q) / b where b=avg_win/avg_loss, p=win_rate, q=loss_rate",
    "volatility_adjustment": "position * (target_vol / actual_vol)",
    "sharpe_integration": "position * min(sharpe_ratio / target_sharpe, max_sharpe_multiplier)",
    "correlation_calculation": "np.corrcoef(log_returns_1, log_returns_2)",
    "regime_adjustments": "SIDEWAYS: 0.7x, BEARISH: 0.8x, BULLISH: 1.0x"
  },
  "testing_results": {
    "kelly_calculation": "\u2705 PASS - Proper position sizing based on win/loss ratios",
    "volatility_adjustment": "\u2705 PASS - Reduces size during high volatility periods",
    "correlation_detection": "\u2705 PASS - Identifies correlated symbol pairs",
    "position_blocking": "\u2705 PASS - Prevents trades above correlation threshold",
    "portfolio_tracking": "\u2705 PASS - Monitors total exposure and diversification",
    "risk_reporting": "\u2705 PASS - Comprehensive portfolio risk analysis",
    "data_persistence": "\u2705 PASS - Saves correlation and trade history",
    "integration_workflow": "\u2705 PASS - Seamless Kelly + Correlation coordination"
  },
  "psychology_controls": {
    "risk_level_assessment": "Automatic LOW/MODERATE/HIGH/EXTREME classification",
    "behavioral_limits": "Prevents overexposure during winning streaks",
    "drawdown_protection": "Automatically reduces position sizes after losses",
    "correlation_warnings": "Alerts traders to portfolio concentration risk",
    "diversification_scoring": "Quantifies portfolio diversification quality"
  },
  "operational_capabilities": {
    "real_time_processing": "Instant position size calculations",
    "multi_symbol_tracking": "Handles unlimited symbol pairs",
    "regime_adaptation": "Adjusts for market conditions automatically",
    "error_recovery": "Graceful handling of data quality issues",
    "audit_logging": "Complete trade and decision audit trail",
    "performance_monitoring": "Tracks system effectiveness over time"
  },
  "integration_readiness": {
    "signal_filtering": "\u2705 Ready - Integrates with Phase 6 signal filtering",
    "regime_detection": "\u2705 Ready - Uses Phase 5 regime classifications",
    "ml_intelligence": "\u2705 Ready - Incorporates Phase 13 ML insights",
    "broker_execution": "\u2705 Ready - Provides sizing for Phase 11 execution",
    "wolf_pack_strategies": "\u2705 Ready - Supports Phase 12 strategy coordination"
  },
  "validation_summary": {
    "code_quality": "Production-ready with comprehensive error handling",
    "mathematical_accuracy": "Kelly Criterion and correlation mathematics validated",
    "performance_efficiency": "Optimized for real-time trading operations",
    "reliability": "Thread-safe with persistent data storage",
    "scalability": "Handles multiple symbols and large position histories",
    "maintainability": "Well-documented with clear separation of concerns"
  }
}