{
  "oanda_pairs": [
    "EUR/USD",
    "GBP/USD",
    "USD/JPY",
    "AUD/USD",
    "USD/CAD",
    "USD/CHF",
    "NZD/USD",
    "EUR/GBP",
    "EUR/JPY",
    "GBP/JPY",
    "AUD/JPY",
    "CHF/JPY",
    "CAD/JPY",
    "EUR/AUD",
    "EUR/CAD",
    "GBP/CHF",
    "AUD/NZD",
    "NZD/JPY"
  ],
  "coinbase_spot": [
    "BTC/USD",
    "ETH/USD",
    "SOL/USD",
    "XRP/USD",
    "ADA/USD",
    "DOGE/USD",
    "AVAX/USD",
    "DOT/USD",
    "MATIC/USD",
    "LINK/USD",
    "LTC/USD",
    "BCH/USD",
    "ATOM/USD",
    "ALGO/USD",
    "APT/USD",
    "ARB/USD",
    "OP/USD",
    "SUI/USD"
  ],
  "derivative_pairs": [
    "BTC-PERP",
    "ETH-PERP",
    "SOL-PERP",
    "XRP-PERP",
    "DOGE-PERP",
    "LINK-PERP",
    "LTC-PERP",
    "BCH-PERP",
    "ADA-PERP",
    "AVAX-PERP",
    "DOT-PERP",
    "MATIC-PERP",
    "ATOM-PERP",
    "OP-PERP",
    "ARB-PERP",
    "APT-PERP",
    "SUI-PERP",
    "NEAR-PERP"
  ],
  "instrument_count": 54,
  "created_at": "2025-09-29 10:47:03 UTC",
  "version": "RBOTzilla_UNI_v1.0",
  "session_intelligence": true,
  "risk_management": {
    "max_concurrent_fx": 6,
    "max_concurrent_spot": 6,
    "max_concurrent_perps": 3,
    "position_sizing_base": 0.02,
    "weekend_crypto_multiplier": 1.2
  }
}
